{"fmus":{"{controllerFMU}":"file:///C:/INTO-CPS/Github/case-study_fcu/FMUs/FCUController_Limited.fmu","{roomheatingFMU}":"file:///C:/INTO-CPS/Github/case-study_fcu/FMUs/RoomHeating_OM_RH.fmu","{environmentFMU}":"file:///C:/INTO-CPS/Github/case-study_fcu/FMUs/Environment.fmu"},"connections":{"{environmentFMU}.env.RAT_OUT":["{controllerFMU}.controller.RATSP"],"{environmentFMU}.env.OAT_OUT":["{roomheatingFMU}.room.OAT"],"{controllerFMU}.controller.valveOpen":["{roomheatingFMU}.room.valveopen"],"{controllerFMU}.controller.fanSpeed":["{roomheatingFMU}.room.fanspeed"],"{roomheatingFMU}.room.RAT":["{controllerFMU}.controller.RAT"]},"parameters":{},"livestream":{"{controllerFMU}.controller":["fanSpeed","valveOpen"],"{roomheatingFMU}.room":["RAT"],"{environmentFMU}.env":["RAT_OUT","OAT_OUT"]},"loggingOn":true,"overrideLogLevel":"DEBUG","algorithm":{"type":"fixed-step","size":1}}