{"fmus":{"{controllerFMU}":"file:////home/mot/Work/Aarhus%20University/Overture/case-study_fcu/FMUs/FCUController.fmu","{roomheatingFMU}":"file:////home/mot/Work/Aarhus%20University/Overture/case-study_fcu/FMUs/RoomHeating.fmu","{environmentFMU}":"file:////home/mot/Work/Aarhus%20University/Overture/case-study_fcu/FMUs/Environment.fmu"},"connections":{"{environmentFMU}.env.RAT_OUT":["{controllerFMU}.controller.RATSP"],"{environmentFMU}.env.OAT_OUT":["{roomheatingFMU}.room.OAT"],"{controllerFMU}.controller.valveOpen":["{roomheatingFMU}.room.valveopen"],"{controllerFMU}.controller.fanSpeed":["{roomheatingFMU}.room.fanspeed"],"{roomheatingFMU}.room.RAT":["{controllerFMU}.controller.RAT"]},"parameters":{},"livestream":{"{controllerFMU}.controller":["fanSpeed"],"{roomheatingFMU}.room":["RAT"],"{environmentFMU}.env":["RAT_OUT","OAT_OUT"]},"loggingOn":true,"algorithm":{"type":"fixed-step","size":2}}