time,step-size,{controllerFMU}.controller.fanSpeed,{controllerFMU}.controller.valveOpen,{environmentFMU}.env.OAT_OUT,{environmentFMU}.env.RAT_OUT,{roomheatingFMU}.room.RAT
0.0,0.0,0.0,0.0,6.11,0.0,16.0
1.0,1.0,1.0E-7,1.0E-7,6.109999999999999,0.0,15.999581750776937
2.0,1.0,1.0E-7,1.0E-7,6.11,0.0,15.99855499626868
3.0,1.0,1.0E-7,1.0E-7,6.11,0.0,15.997158355526194
4.0,1.0,1.0E-7,1.0E-7,6.11,0.0,15.995536369564189
5.0,1.0,1.0E-7,1.0E-7,6.110219999999999,0.0,15.993777126885538
6.0,1.0,1.0E-7,1.0E-7,6.132219999999998,0.0,15.991933864426224
7.0,1.0,1.0E-7,1.0E-7,6.154219999999997,0.0,15.99003940051474
8.0,1.0,1.0E-7,1.0E-7,6.176219999999997,0.0,15.988113263812016
9.0,1.0,1.0E-7,1.0E-7,6.198219999999997,0.0,15.986167428942462
10.0,1.0,1.0E-7,1.0E-7,6.22,0.0,15.984209172938252
11.0,1.0,1.0E-7,1.0E-7,6.22,0.0,15.982242919836889
12.0,1.0,1.0E-7,1.0E-7,6.219999999999999,0.0,15.980271360286238
13.0,1.0,1.0E-7,1.0E-7,6.22,0.0,15.978296129864654
14.0,1.0,1.0E-7,1.0E-7,6.22,0.0,15.976318222864814
15.0,1.0,1.0E-7,1.0E-7,6.219999999999999,0.0,15.974338244106793
16.0,1.0,1.0E-7,1.0E-7,6.219999999999999,0.0,15.972356561872198
17.0,1.0,1.0E-7,1.0E-7,6.219999999999999,0.0,15.97037340078442
18.0,1.0,1.0E-7,1.0E-7,6.22,0.0,15.968388898217972
19.0,1.0,1.0E-7,1.0E-7,6.22,0.0,15.966403138557672
20.0,1.0,1.0E-7,1.0E-7,6.219999999999993,0.0,15.964416174004674
21.0,1.0,1.0E-7,1.0E-7,6.197999999999989,0.0,15.962428037213204
22.0,1.0,1.0E-7,1.0E-7,6.175999999999986,0.0,15.96043874830339
23.0,1.0,1.0E-7,1.0E-7,6.153999999999982,0.0,15.958448317437552
24.0,1.0,1.0E-7,1.0E-7,6.13199999999998,0.0,15.956456748218397
25.0,1.0,1.0E-7,1.0E-7,6.110000000000025,0.0,15.954464040268576
26.0,1.0,1.0E-7,1.0E-7,6.132000000000028,0.0,15.952470190797367
27.0,1.0,1.0E-7,1.0E-7,6.154000000000032,0.0,15.95047519687478
28.0,1.0,1.0E-7,1.0E-7,6.176000000000035,0.0,15.94847906017882
29.0,1.0,1.0E-7,1.0E-7,6.198000000000038,0.0,15.946481786211724
30.0,1.0,1.0E-7,1.0E-7,6.22,0.0,15.944483382791967
31.0,1.0,1.0E-7,1.0E-7,6.219999999999999,0.0,15.942483859138449
32.0,1.0,1.0E-7,1.0E-7,6.22,0.0,15.94048322465321
33.0,1.0,1.0E-7,1.0E-7,6.22,0.0,15.93848148649883
34.0,1.0,1.0E-7,1.0E-7,6.22,0.0,15.936478850299201
35.0,1.0,1.0E-7,1.0E-7,6.22,0.0,15.934474919630896
36.0,1.0,1.0E-7,1.0E-7,6.22,0.0,15.93246989817283
37.0,1.0,1.0E-7,1.0E-7,6.22,0.0,15.930463788952158
38.0,1.0,1.0E-7,1.0E-7,6.22,0.0,15.928456594738188
39.0,1.0,1.0E-7,1.0E-7,6.219999999999999,0.0,15.926448318142366
40.0,1.0,1.0E-7,1.0E-7,6.22,0.0,15.92443896167912
41.0,1.0,1.0E-7,1.0E-7,6.219999999999999,0.0,15.922428527802833
42.0,1.0,1.0E-7,1.0E-7,6.22,0.0,15.92041701893021
43.0,1.0,1.0E-7,1.0E-7,6.22,0.0,15.918404437453965
44.0,1.0,1.0E-7,1.0E-7,6.22,0.0,15.916390785751057
45.0,1.0,1.0E-7,1.0E-7,6.22,0.0,15.914376066187428
46.0,1.0,1.0E-7,1.0E-7,6.220000000000001,0.0,15.912360281122341
47.0,1.0,1.0E-7,1.0E-7,6.22,0.0,15.910343432908244
48.0,1.0,1.0E-7,1.0E-7,6.22,0.0,15.90832552389328
49.0,1.0,1.0E-7,1.0E-7,6.22,0.0,15.906306556421594
50.0,1.0,1.0E-7,1.0E-7,6.22,0.0,15.90428653283375
51.0,1.0,1.0E-7,1.0E-7,6.22,0.0,15.902265455466997
52.0,1.0,1.0E-7,1.0E-7,6.22,0.0,15.900243326655438
53.0,1.0,1.0E-7,1.0E-7,6.22,0.0,15.898220148730141
54.0,1.0,1.0E-7,1.0E-7,6.22,0.0,15.896195924019137
55.0,1.0,1.0E-7,1.0E-7,6.22,0.0,15.894170654847517
56.0,1.0,1.0E-7,1.0E-7,6.22,0.0,15.892144343537426
57.0,1.0,1.0E-7,1.0E-7,6.22,0.0,15.890116992408128
58.0,1.0,1.0E-7,1.0E-7,6.22,0.0,15.888088603775909
59.0,1.0,1.0E-7,1.0E-7,6.220000000000001,0.0,15.886059179954177
60.0,1.0,1.0E-7,1.0E-7,6.22,0.0,15.884028723253465
61.0,1.0,1.0E-7,1.0E-7,6.22,0.0,15.881997235981386
62.0,1.0,1.0E-7,1.0E-7,6.22,0.0,15.879964720442679
63.0,1.0,1.0E-7,1.0E-7,6.22,0.0,15.877931178939177
64.0,1.0,1.0E-7,1.0E-7,6.22,0.0,15.875896613769878
65.0,1.0,1.0E-7,1.0E-7,6.21978000000008,0.0,15.873861027230873
66.0,1.0,1.0E-7,1.0E-7,6.197780000000069,0.0,15.871824421608794
67.0,1.0,1.0E-7,1.0E-7,6.175780000000058,0.0,15.869786798505274
68.0,1.0,1.0E-7,1.0E-7,6.153780000000046,0.0,15.867748156778728
69.0,1.0,1.0E-7,1.0E-7,6.1317800000000355,0.0,15.865708493114742
70.0,1.0,1.0E-7,1.0E-7,6.110219999999977,0.0,15.86366780288323
71.0,1.0,1.0E-7,1.0E-7,6.132219999999988,0.0,15.86162608067218
72.0,1.0,1.0E-7,1.0E-7,6.154219999999999,0.0,15.859583321954744
73.0,1.0,1.0E-7,1.0E-7,6.17600000000001,0.0,15.85753952739781
74.0,1.0,1.0E-7,1.0E-7,6.198000000000022,0.0,15.855494701831118
75.0,1.0,1.0E-7,1.0E-7,6.22,0.0,15.85344885258965
76.0,1.0,1.0E-7,1.0E-7,6.22,0.0,15.851401988542083
77.0,1.0,1.0E-7,1.0E-7,6.22,0.0,15.849354118826296
78.0,1.0,1.0E-7,1.0E-7,6.22,0.0,15.847305250392928
79.0,1.0,1.0E-7,1.0E-7,6.22,0.0,15.845255388347459
80.0,1.0,1.0E-7,1.0E-7,6.219999999999911,0.0,15.843204536673527
81.0,1.0,1.0E-7,1.0E-7,6.1979999999999,0.0,15.841152698672323
82.0,1.0,1.0E-7,1.0E-7,6.175999999999889,0.0,15.83909987656826
83.0,1.0,1.0E-7,1.0E-7,6.153999999999878,0.0,15.837046069586274
84.0,1.0,1.0E-7,1.0E-7,6.1319999999998664,0.0,15.83499127461763
85.0,1.0,1.0E-7,1.0E-7,6.11,0.0,15.832935487140285
86.0,1.0,1.0E-7,1.0E-7,6.11,0.0,15.830878701777788
87.0,1.0,1.0E-7,1.0E-7,6.11,0.0,15.828820913299923
88.0,1.0,1.0E-7,1.0E-7,6.11,0.0,15.826762118913448
89.0,1.0,1.0E-7,1.0E-7,6.110000000000001,0.0,15.82470231782055
90.0,1.0,1.0E-7,1.0E-7,6.110000000000201,0.0,15.822641510433662
91.0,1.0,1.0E-7,1.0E-7,6.132000000000212,0.0,15.820579697899
92.0,1.0,1.0E-7,1.0E-7,6.154000000000224,0.0,15.818516882468794
93.0,1.0,1.0E-7,1.0E-7,6.176000000000235,0.0,15.816453069410352
94.0,1.0,1.0E-7,1.0E-7,6.1980000000002455,0.0,15.814388266331587
95.0,1.0,1.0E-7,1.0E-7,6.22,0.0,15.812322482256025
96.0,1.0,1.0E-7,1.0E-7,6.22,0.0,15.810255727060582
97.0,1.0,1.0E-7,1.0E-7,6.22,0.0,15.8081880104732
98.0,1.0,1.0E-7,1.0E-7,6.22,0.0,15.806119339780748
99.0,1.0,1.0E-7,1.0E-7,6.22,0.0,15.804049720270495
100.0,1.0,1.0E-7,1.0E-7,6.22,0.0,15.801979156014403
101.0,1.0,1.0E-7,1.0E-7,6.219999999999999,0.0,15.799907650345093
102.0,1.0,1.0E-7,1.0E-7,6.22,0.0,15.797835206145166
103.0,1.0,1.0E-7,1.0E-7,6.22,0.0,15.795761826022801
104.0,1.0,1.0E-7,1.0E-7,6.22,0.0,15.793687512418368
105.0,1.0,1.0E-7,1.0E-7,6.219999999999629,0.0,15.791612267669489
106.0,1.0,1.0E-7,1.0E-7,6.1979999999996185,0.0,15.789536094049973
107.0,1.0,1.0E-7,1.0E-7,6.175999999999608,0.0,15.78745899313283
108.0,1.0,1.0E-7,1.0E-7,6.153999999999597,0.0,15.78538096371973
109.0,1.0,1.0E-7,1.0E-7,6.131999999999586,0.0,15.783302002417416
110.0,1.0,1.0E-7,1.0E-7,6.109999999999999,0.0,15.781222104503753
111.0,1.0,1.0E-7,1.0E-7,6.11,0.0,15.77914126445303
112.0,1.0,1.0E-7,1.0E-7,6.11,0.0,15.777059476917385
113.0,1.0,1.0E-7,1.0E-7,6.11,0.0,15.774976739004687
114.0,1.0,1.0E-7,1.0E-7,6.109999999999999,0.0,15.772893049829392
115.0,1.0,1.0E-7,1.0E-7,6.11,0.0,15.770808409723427
116.0,1.0,1.0E-7,1.0E-7,6.11,0.0,15.768722819757022
117.0,1.0,1.0E-7,1.0E-7,6.11,0.0,15.766636281447822
118.0,1.0,1.0E-7,1.0E-7,6.11,0.0,15.764548796583735
119.0,1.0,1.0E-7,1.0E-7,6.11,0.0,15.762460367116242
120.0,1.0,1.0E-7,1.0E-7,6.11,0.0,15.760370995094704
121.0,1.0,1.0E-7,1.0E-7,6.109999999999999,0.0,15.758280682627015
122.0,1.0,1.0E-7,1.0E-7,6.11,0.0,15.756189431855477
123.0,1.0,1.0E-7,1.0E-7,6.11,0.0,15.754097244942146
124.0,1.0,1.0E-7,1.0E-7,6.11,0.0,15.752004124060065
125.0,1.0,1.0E-7,1.0E-7,6.109999999999999,0.0,15.74991007138787
126.0,1.0,1.0E-7,1.0E-7,6.11,0.0,15.74781508910647
127.0,1.0,1.0E-7,1.0E-7,6.11,0.0,15.745719179397078
128.0,1.0,1.0E-7,1.0E-7,6.11,0.0,15.743622344440126
129.0,1.0,1.0E-7,1.0E-7,6.109999999999999,0.0,15.741524586414183
130.0,1.0,1.0E-7,1.0E-7,6.11,0.0,15.739425907495987
131.0,1.0,1.0E-7,1.0E-7,6.11,0.0,15.737326309859904
132.0,1.0,1.0E-7,1.0E-7,6.11,0.0,15.73522579567774
133.0,1.0,1.0E-7,1.0E-7,6.11,0.0,15.733124367118815
134.0,1.0,1.0E-7,1.0E-7,6.11,0.0,15.731022026349667
135.0,1.0,1.0E-7,1.0E-7,6.11,0.0,15.728918775534346
136.0,1.0,1.0E-7,1.0E-7,6.110000000000001,0.0,15.726814616834039
137.0,1.0,1.0E-7,1.0E-7,6.11,0.0,15.724709552407333
138.0,1.0,1.0E-7,1.0E-7,6.11,0.0,15.722603584410045
139.0,1.0,1.0E-7,1.0E-7,6.11,0.0,15.72049671499527
140.0,1.0,1.0E-7,1.0E-7,6.110000000000001,0.0,15.71838894631344
141.0,1.0,1.0E-7,1.0E-7,6.11,0.0,15.716280280512285
142.0,1.0,1.0E-7,1.0E-7,6.11,0.0,15.714170719736765
143.0,1.0,1.0E-7,1.0E-7,6.11,0.0,15.712060266129162
144.0,1.0,1.0E-7,1.0E-7,6.110000000000001,0.0,15.70994892182908
145.0,1.0,1.0E-7,1.0E-7,6.11,0.0,15.707836688973378
146.0,1.0,1.0E-7,1.0E-7,6.11,0.0,15.705723569696232
147.0,1.0,1.0E-7,1.0E-7,6.11,0.0,15.703609566129131
148.0,1.0,1.0E-7,1.0E-7,6.11,0.0,15.70149468040086
149.0,1.0,1.0E-7,1.0E-7,6.11,0.0,15.69937891463751
150.0,1.0,1.0E-7,1.0E-7,6.11,0.0,15.697262270962478
151.0,1.0,1.0E-7,1.0E-7,6.110000000000001,0.0,15.695144751496537
152.0,1.0,1.0E-7,1.0E-7,6.11,0.0,15.693026358357704
153.0,1.0,1.0E-7,1.0E-7,6.11,0.0,15.69090709366133
154.0,1.0,1.0E-7,1.0E-7,6.11,0.0,15.68878695952013
155.0,1.0,1.0E-7,1.0E-7,6.11,0.0,15.686665958044092
156.0,1.0,1.0E-7,1.0E-7,6.11,0.0,15.684544091340566
157.0,1.0,1.0E-7,1.0E-7,6.11,0.0,15.68242136151427
158.0,1.0,1.0E-7,1.0E-7,6.11,0.0,15.680297770667199
159.0,1.0,1.0E-7,1.0E-7,6.110000000000001,0.0,15.678173320898678
160.0,1.0,1.0E-7,1.0E-7,6.109999999999999,0.0,15.676048014305469
161.0,1.0,1.0E-7,1.0E-7,6.109999999999999,0.0,15.673921852981643
162.0,1.0,1.0E-7,1.0E-7,6.11,0.0,15.671794839018503
163.0,1.0,1.0E-7,1.0E-7,6.11,0.0,15.669666974504787
164.0,1.0,1.0E-7,1.0E-7,6.110000000000001,0.0,15.667538261526634
165.0,1.0,1.0E-7,1.0E-7,6.11,0.0,15.665408702167495
166.0,1.0,1.0E-7,1.0E-7,6.11,0.0,15.663278298508148
167.0,1.0,1.0E-7,1.0E-7,6.11,0.0,15.661147052626882
168.0,1.0,1.0E-7,1.0E-7,6.11,0.0,15.659014966599155
169.0,1.0,1.0E-7,1.0E-7,6.11,0.0,15.656882042497891
170.0,1.0,1.0E-7,1.0E-7,6.110219999999789,0.0,15.654748282393339
171.0,1.0,1.0E-7,1.0E-7,6.1322199999997675,0.0,15.652613688359848
172.0,1.0,1.0E-7,1.0E-7,6.154219999999748,0.0,15.650478263151122
173.0,1.0,1.0E-7,1.0E-7,6.176219999999728,0.0,15.648342012258645
174.0,1.0,1.0E-7,1.0E-7,6.198219999999708,0.0,15.646204943341232
175.0,1.0,1.0E-7,1.0E-7,6.219780000000312,0.0,15.644067065367919
176.0,1.0,1.0E-7,1.0E-7,6.197780000000332,0.0,15.641928388084116
177.0,1.0,1.0E-7,1.0E-7,6.175780000000352,0.0,15.639788920344841
178.0,1.0,1.0E-7,1.0E-7,6.153780000000372,0.0,15.637648665805713
179.0,1.0,1.0E-7,1.0E-7,6.131780000000393,0.0,15.635507623947438
180.0,1.0,1.0E-7,1.0E-7,6.11,0.0,15.633365791719267
181.0,1.0,1.0E-7,1.0E-7,6.11,0.0,15.631223164543641
182.0,1.0,1.0E-7,1.0E-7,6.11,0.0,15.629079737597662
183.0,1.0,1.0E-7,1.0E-7,6.11,0.0,15.62693550823992
184.0,1.0,1.0E-7,1.0E-7,6.11,0.0,15.624790475663303
185.0,1.0,1.0E-7,1.0E-7,6.11,0.0,15.622644640173823
186.0,1.0,1.0E-7,1.0E-7,6.109999999999999,0.0,15.62049800275249
187.0,1.0,1.0E-7,1.0E-7,6.11,0.0,15.618350564789592
188.0,1.0,1.0E-7,1.0E-7,6.11,0.0,15.616202327921714
189.0,1.0,1.0E-7,1.0E-7,6.109999999999999,0.0,15.614053293935706
190.0,1.0,1.0E-7,1.0E-7,6.11,0.0,15.61190346470772
191.0,1.0,1.0E-7,1.0E-7,6.11,0.0,15.609752842167254
192.0,1.0,1.0E-7,1.0E-7,6.11,0.0,15.607601428275297
193.0,1.0,1.0E-7,1.0E-7,6.11,0.0,15.60544922501088
194.0,1.0,1.0E-7,1.0E-7,6.11,0.0,15.60329623436304
195.0,1.0,1.0E-7,1.0E-7,6.11,0.0,15.6011424583259
196.0,1.0,1.0E-7,1.0E-7,6.11,0.0,15.59898789889559
197.0,1.0,1.0E-7,1.0E-7,6.11,0.0,15.596832558068614
198.0,1.0,1.0E-7,1.0E-7,6.11,0.0,15.594676437840542
199.0,1.0,1.0E-7,1.0E-7,6.11,0.0,15.592519540205425
200.0,1.0,1.0E-7,1.0E-7,6.11,0.0,15.590361867155453
201.0,1.0,1.0E-7,1.0E-7,6.109999999999999,0.0,15.58820342068064
202.0,1.0,1.0E-7,1.0E-7,6.11,0.0,15.586044202768663
203.0,1.0,1.0E-7,1.0E-7,6.11,0.0,15.58388421540485
204.0,1.0,1.0E-7,1.0E-7,6.109999999999999,0.0,15.58172346057207
205.0,1.0,1.0E-7,1.0E-7,6.11,0.0,15.57956194025069
206.0,1.0,1.0E-7,1.0E-7,6.11,0.0,15.577399656418647
207.0,1.0,1.0E-7,1.0E-7,6.11,0.0,15.575236611051345
208.0,1.0,1.0E-7,1.0E-7,6.11,0.0,15.573072806121585
209.0,1.0,1.0E-7,1.0E-7,6.11,0.0,15.570908243599812
210.0,1.0,1.0E-7,1.0E-7,6.11,0.0,15.568742925453812
211.0,1.0,1.0E-7,1.0E-7,6.11,0.0,15.566576853649071
212.0,1.0,1.0E-7,1.0E-7,6.11,0.0,15.564410030148379
213.0,1.0,1.0E-7,1.0E-7,6.11,0.0,15.56224245691206
214.0,1.0,1.0E-7,1.0E-7,6.11,0.0,15.560074135897928
215.0,1.0,1.0E-7,1.0E-7,6.110219999998888,0.0,15.557905069061405
216.0,1.0,1.0E-7,1.0E-7,6.132219999998867,0.0,15.555735258361896
217.0,1.0,1.0E-7,1.0E-7,6.154219999998848,0.0,15.553564706438497
218.0,1.0,1.0E-7,1.0E-7,6.176219999998827,0.0,15.551393418668056
219.0,1.0,1.0E-7,1.0E-7,6.198219999998807,0.0,15.54922140259503
220.0,1.0,1.0E-7,1.0E-7,6.22,0.0,15.547048667073893
221.0,1.0,1.0E-7,1.0E-7,6.22,0.0,15.544875221743098
222.0,1.0,1.0E-7,1.0E-7,6.22,0.0,15.542701076031827
223.0,1.0,1.0E-7,1.0E-7,6.22,0.0,15.54052623691094
224.0,1.0,1.0E-7,1.0E-7,6.22,0.0,15.538350709346423
225.0,1.0,1.0E-7,1.0E-7,6.219780000001312,0.0,15.536174497085645
226.0,1.0,1.0E-7,1.0E-7,6.197780000001332,0.0,15.533997603128428
227.0,1.0,1.0E-7,1.0E-7,6.175780000001353,0.0,15.531820029341446
228.0,1.0,1.0E-7,1.0E-7,6.1537800000013725,0.0,15.529641774576225
229.0,1.0,1.0E-7,1.0E-7,6.131780000001393,0.0,15.527462835346503
230.0,1.0,1.0E-7,1.0E-7,6.109999999999999,0.0,15.525283206750291
231.0,1.0,1.0E-7,1.0E-7,6.11,0.0,15.523102883036525
232.0,1.0,1.0E-7,1.0E-7,6.11,0.0,15.520921858620621
233.0,1.0,1.0E-7,1.0E-7,6.11,0.0,15.518740130349324
234.0,1.0,1.0E-7,1.0E-7,6.11,0.0,15.516557697055712
235.0,1.0,1.0E-7,1.0E-7,6.11,0.0,15.514374558778322
236.0,1.0,1.0E-7,1.0E-7,6.11,0.0,15.512190716286762
237.0,1.0,1.0E-7,1.0E-7,6.11,0.0,15.510006170793766
238.0,1.0,1.0E-7,1.0E-7,6.11,0.0,15.507820923780153
239.0,1.0,1.0E-7,1.0E-7,6.11,0.0,15.505634976888619
240.0,1.0,1.0E-7,1.0E-7,6.110219999998388,0.0,15.503448331859321
241.0,1.0,1.0E-7,1.0E-7,6.132219999998367,0.0,15.50126099049714
242.0,1.0,1.0E-7,1.0E-7,6.154219999998347,0.0,15.499072955323468
243.0,1.0,1.0E-7,1.0E-7,6.176219999998327,0.0,15.496884231619985
244.0,1.0,1.0E-7,1.0E-7,6.198219999998306,0.0,15.494694826849377
245.0,1.0,1.0E-7,1.0E-7,6.219560000003425,0.0,15.492504749793163
246.0,1.0,1.0E-7,1.0E-7,6.175560000003465,0.0,15.490314010007845
247.0,1.0,1.0E-7,1.0E-7,6.131560000003506,0.0,15.488122615480387
248.0,1.0,1.0E-7,1.0E-7,6.0875600000035455,0.0,15.485930566260341
249.0,1.0,1.0E-7,1.0E-7,6.043560000003586,0.0,15.483737856053565
250.0,1.0,1.0E-7,1.0E-7,5.9999000000008245,0.0,15.481544474722465
251.0,1.0,1.0E-7,1.0E-7,5.989900000000834,0.0,15.47935040981463
252.0,1.0,1.0E-7,1.0E-7,5.979900000000842,0.0,15.47715564852878
253.0,1.0,1.0E-7,1.0E-7,5.969900000000852,0.0,15.474960181455401
254.0,1.0,1.0E-7,1.0E-7,5.959900000000861,0.0,15.472764002036943
255.0,1.0,1.0E-7,1.0E-7,5.94990000000087,0.0,15.470567105447428
256.0,1.0,1.0E-7,1.0E-7,5.939680000002811,0.0,15.46836948791479
257.0,1.0,1.0E-7,1.0E-7,5.9076800000028395,0.0,15.466171146301646
258.0,1.0,1.0E-7,1.0E-7,5.875680000002869,0.0,15.46397207717925
259.0,1.0,1.0E-7,1.0E-7,5.843680000002898,0.0,15.461772274617156
260.0,1.0,1.0E-7,1.0E-7,5.811680000002928,0.0,15.459571730661152
261.0,1.0,1.0E-7,1.0E-7,5.779780000002033,0.0,15.457370436134417
262.0,1.0,1.0E-7,1.0E-7,5.757780000002052,0.0,15.455168381126775
263.0,1.0,1.0E-7,1.0E-7,5.735780000002072,0.0,15.452965555597421
264.0,1.0,1.0E-7,1.0E-7,5.713780000002092,0.0,15.45076195048967
265.0,1.0,1.0E-7,1.0E-7,5.691780000002113,0.0,15.448557557580862
266.0,1.0,1.0E-7,1.0E-7,5.67,0.0,15.446352369158781
267.0,1.0,1.0E-7,1.0E-7,5.67,0.0,15.444146377832054
268.0,1.0,1.0E-7,1.0E-7,5.67,0.0,15.441939577085968
269.0,1.0,1.0E-7,1.0E-7,5.67,0.0,15.439731963268468
270.0,1.0,1.0E-7,1.0E-7,5.67,0.0,15.437523534975892
271.0,1.0,1.0E-7,1.0E-7,5.67,0.0,15.435314292168787
272.0,1.0,1.0E-7,1.0E-7,5.67,0.0,15.433104235635458
273.0,1.0,1.0E-7,1.0E-7,5.67,0.0,15.430893366665668
274.0,1.0,1.0E-7,1.0E-7,5.67,0.0,15.428681686852872
275.0,1.0,1.0E-7,1.0E-7,5.67,0.0,15.42646919797385
276.0,1.0,1.0E-7,1.0E-7,5.67,0.0,15.42425590191568
277.0,1.0,1.0E-7,1.0E-7,5.67,0.0,15.422041800631447
278.0,1.0,1.0E-7,1.0E-7,5.67,0.0,15.41982689611324
279.0,1.0,1.0E-7,1.0E-7,5.67,0.0,15.417611190375757
280.0,1.0,1.0E-7,1.0E-7,5.67,0.0,15.415394685446763
281.0,1.0,1.0E-7,1.0E-7,5.670219999997567,0.0,15.41317738336045
282.0,1.0,1.0E-7,1.0E-7,5.692219999997548,0.0,15.41095928616073
283.0,1.0,1.0E-7,1.0E-7,5.714219999997527,0.0,15.408740396574457
284.0,1.0,1.0E-7,1.0E-7,5.736219999997507,0.0,15.406520720068343
285.0,1.0,1.0E-7,1.0E-7,5.758219999997488,0.0,15.404300264277705
286.0,1.0,1.0E-7,1.0E-7,5.779780000002532,0.0,15.402078815988098
287.0,1.0,1.0E-7,1.0E-7,5.757780000002553,0.0,15.399856829168659
288.0,1.0,1.0E-7,1.0E-7,5.735780000002572,0.0,15.397634090567857
289.0,1.0,1.0E-7,1.0E-7,5.713780000002593,0.0,15.39541060381951
290.0,1.0,1.0E-7,1.0E-7,5.691780000002613,0.0,15.39318636838267
291.0,1.0,1.0E-7,1.0E-7,5.670219999997367,0.0,15.390961381184935
292.0,1.0,1.0E-7,1.0E-7,5.692219999997347,0.0,15.388735637633772
293.0,1.0,1.0E-7,1.0E-7,5.7142199999973275,0.0,15.38650913357369
294.0,1.0,1.0E-7,1.0E-7,5.736219999997308,0.0,15.384281869770824
295.0,1.0,1.0E-7,1.0E-7,5.758219999997287,0.0,15.382053850995696
296.0,1.0,1.0E-7,1.0E-7,5.78,0.0,15.379825084444938
297.0,1.0,1.0E-7,1.0E-7,5.779999999999999,0.0,15.377595578775503
298.0,1.0,1.0E-7,1.0E-7,5.779999999999999,0.0,15.37536534284775
299.0,1.0,1.0E-7,1.0E-7,5.78,0.0,15.373134383313008
300.0,1.0,1.0E-7,1.0E-7,5.78,0.0,15.370902704969472
301.0,1.0,1.0E-7,1.0E-7,5.78,0.0,15.368670311488884
302.0,1.0,1.0E-7,1.0E-7,5.78,0.0,15.366437205857439
303.0,1.0,1.0E-7,1.0E-7,5.78,0.0,15.364203390645548
304.0,1.0,1.0E-7,1.0E-7,5.78,0.0,15.361968868168125
305.0,1.0,1.0E-7,1.0E-7,5.78,0.0,15.359733640585095
306.0,1.0,1.0E-7,1.0E-7,5.7797800000029325,0.0,15.357497709961088
307.0,1.0,1.0E-7,1.0E-7,5.757780000002953,0.0,15.355261078295156
308.0,1.0,1.0E-7,1.0E-7,5.735780000002972,0.0,15.353023746867631
309.0,1.0,1.0E-7,1.0E-7,5.713780000002993,0.0,15.35078571419519
310.0,1.0,1.0E-7,1.0E-7,5.691780000003013,0.0,15.348546976609459
311.0,1.0,1.0E-7,1.0E-7,5.67,0.0,15.346307529119379
312.0,1.0,1.0E-7,1.0E-7,5.669999999999999,0.0,15.344067365940312
313.0,1.0,1.0E-7,1.0E-7,5.67,0.0,15.341826481489063
314.0,1.0,1.0E-7,1.0E-7,5.67,0.0,15.339584872634164
315.0,1.0,1.0E-7,1.0E-7,5.67,0.0,15.337342538243114
316.0,1.0,1.0E-7,1.0E-7,5.669780000003133,0.0,15.335099478396433
317.0,1.0,1.0E-7,1.0E-7,5.647780000003152,0.0,15.332855693903719
318.0,1.0,1.0E-7,1.0E-7,5.625780000003172,0.0,15.330611185338316
319.0,1.0,1.0E-7,1.0E-7,5.6037800000031925,0.0,15.328365950802953
320.0,1.0,1.0E-7,1.0E-7,5.581780000003212,0.0,15.326119986393381
321.0,1.0,1.0E-7,1.0E-7,5.559999999999999,0.0,15.323873286990274
322.0,1.0,1.0E-7,1.0E-7,5.559999999999999,0.0,15.321625846747374
323.0,1.0,1.0E-7,1.0E-7,5.559999999999999,0.0,15.319377660058667
324.0,1.0,1.0E-7,1.0E-7,5.56,0.0,15.317128723794506
325.0,1.0,1.0E-7,1.0E-7,5.56,0.0,15.314879036838729
326.0,1.0,1.0E-7,1.0E-7,5.558760000018785,0.0,15.312628599297112
327.0,1.0,1.0E-7,1.0E-7,5.434760000018898,0.0,15.310377411979283
328.0,1.0,1.0E-7,1.0E-7,5.310760000019011,0.0,15.308125472299396
329.0,1.0,1.0E-7,1.0E-7,5.186760000019124,0.0,15.30587276249761
330.0,1.0,1.0E-7,1.0E-7,5.062760000019237,0.0,15.303619252747623
331.0,1.0,1.0E-7,1.0E-7,4.938900000017165,0.0,15.301364905922105
332.0,1.0,1.0E-7,1.0E-7,4.828900000017264,0.0,15.299109680491194
333.0,1.0,1.0E-7,1.0E-7,4.718900000017365,0.0,15.29685353270987
334.0,1.0,1.0E-7,1.0E-7,4.608900000017465,0.0,15.2945964189958
335.0,1.0,1.0E-7,1.0E-7,4.498900000017565,0.0,15.292338296214227
336.0,1.0,1.0E-7,1.0E-7,4.3907799999874735,0.0,15.290079121526436
337.0,1.0,1.0E-7,1.0E-7,4.468779999987403,0.0,15.287818852353746
338.0,1.0,1.0E-7,1.0E-7,4.546779999987332,0.0,15.285557452094213
339.0,1.0,1.0E-7,1.0E-7,4.624779999987261,0.0,15.283294907677185
340.0,1.0,1.0E-7,1.0E-7,4.70277999998719,0.0,15.281031224668135
341.0,1.0,1.0E-7,1.0E-7,4.779660000005615,0.0,15.27876641993192
342.0,1.0,1.0E-7,1.0E-7,4.745660000005646,0.0,15.276500517142699
343.0,1.0,1.0E-7,1.0E-7,4.7116600000056765,0.0,15.274233540639102
344.0,1.0,1.0E-7,1.0E-7,4.677660000005708,0.0,15.271965503302676
345.0,1.0,1.0E-7,1.0E-7,4.643660000005738,0.0,15.269696408462567
346.0,1.0,1.0E-7,1.0E-7,4.610119999997964,0.0,15.267426253653648
347.0,1.0,1.0E-7,1.0E-7,4.6221199999979525,0.0,15.265155032911997
348.0,1.0,1.0E-7,1.0E-7,4.634119999997942,0.0,15.262882739573255
349.0,1.0,1.0E-7,1.0E-7,4.646119999997931,0.0,15.260609371417818
350.0,1.0,1.0E-7,1.0E-7,4.65811999999792,0.0,15.25833492998947
351.0,1.0,1.0E-7,1.0E-7,4.67,0.0,15.256059419113328
352.0,1.0,1.0E-7,1.0E-7,4.67,0.0,15.253782843993378
353.0,1.0,1.0E-7,1.0E-7,4.67,0.0,15.251505210295965
354.0,1.0,1.0E-7,1.0E-7,4.67,0.0,15.249226522696297
355.0,1.0,1.0E-7,1.0E-7,4.67,0.0,15.246946784987628
356.0,1.0,1.0E-7,1.0E-7,4.669660000006078,0.0,15.244666000426381
357.0,1.0,1.0E-7,1.0E-7,4.6356600000061094,0.0,15.2423841719316
358.0,1.0,1.0E-7,1.0E-7,4.60166000000614,0.0,15.240101301168233
359.0,1.0,1.0E-7,1.0E-7,4.567660000006171,0.0,15.237817385443499
360.0,1.0,1.0E-7,1.0E-7,4.533660000006202,0.0,15.235532418635367
361.0,1.0,1.0E-7,1.0E-7,4.499999999999999,0.0,15.23324639254569
362.0,1.0,1.0E-7,1.0E-7,4.5,0.0,15.230959297732522
363.0,1.0,1.0E-7,1.0E-7,4.5,0.0,15.228671125052575
364.0,1.0,1.0E-7,1.0E-7,4.5,0.0,15.226381869145762
365.0,1.0,1.0E-7,1.0E-7,4.5,0.0,15.224091527737555
366.0,1.0,1.0E-7,1.0E-7,4.49760000004509,0.0,15.22180010042612
367.0,1.0,1.0E-7,1.0E-7,4.257600000045309,0.0,15.21950758787369
368.0,1.0,1.0E-7,1.0E-7,4.017600000045526,0.0,15.217213983990224
369.0,1.0,1.0E-7,1.0E-7,3.7776000000457453,0.0,15.21491925320805
370.0,1.0,1.0E-7,1.0E-7,3.5376000000459635,0.0,15.212623336539231
371.0,1.0,1.0E-7,1.0E-7,3.297600000046182,0.0,15.210326160825765
372.0,1.0,1.0E-7,1.0E-7,3.0605399999895604,0.0,15.208027644357735
373.0,1.0,1.0E-7,1.0E-7,3.114539999989511,0.0,15.205727700373028
374.0,1.0,1.0E-7,1.0E-7,3.168539999989462,0.0,15.20342624815663
375.0,1.0,1.0E-7,1.0E-7,3.2225399999894124,0.0,15.201123241804758
376.0,1.0,1.0E-7,1.0E-7,3.2765399999893634,0.0,15.198818663366303
377.0,1.0,1.0E-7,1.0E-7,3.3335599999295544,0.0,15.196512511852804
378.0,1.0,1.0E-7,1.0E-7,3.689559999929231,0.0,15.194204796654423
379.0,1.0,1.0E-7,1.0E-7,4.045559999928907,0.0,15.19189554275899
380.0,1.0,1.0E-7,1.0E-7,4.401559999928583,0.0,15.189584816543798
381.0,1.0,1.0E-7,1.0E-7,4.75755999992826,0.0,15.187272716451329
382.0,1.0,1.0E-7,1.0E-7,5.109440000011337,0.0,15.18495936031462
383.0,1.0,1.0E-7,1.0E-7,5.0534400000113875,0.0,15.182644877536486
384.0,1.0,1.0E-7,1.0E-7,4.997440000011438,0.0,15.180329391764865
385.0,1.0,1.0E-7,1.0E-7,4.9414400000114895,0.0,15.178012979508251
386.0,1.0,1.0E-7,1.0E-7,4.88544000001154,0.0,15.17569567909399
387.0,1.0,1.0E-7,1.0E-7,4.82990000000207,0.0,15.173377505672137
388.0,1.0,1.0E-7,1.0E-7,4.819900000002079,0.0,15.171058460342488
389.0,1.0,1.0E-7,1.0E-7,4.809900000002088,0.0,15.168738537101113
390.0,1.0,1.0E-7,1.0E-7,4.799900000002097,0.0,15.166417730505296
391.0,1.0,1.0E-7,1.0E-7,4.789900000002106,0.0,15.164096036521533
392.0,1.0,1.0E-7,1.0E-7,4.779440000011846,0.0,15.161773451975638
393.0,1.0,1.0E-7,1.0E-7,4.723440000011896,0.0,15.159449974199617
394.0,1.0,1.0E-7,1.0E-7,4.667440000011948,0.0,15.157125599418116
395.0,1.0,1.0E-7,1.0E-7,4.6114400000119975,0.0,15.154800318320286
396.0,1.0,1.0E-7,1.0E-7,4.555440000012049,0.0,15.15247411717741
397.0,1.0,1.0E-7,1.0E-7,4.499780000004753,0.0,15.150146979589309
398.0,1.0,1.0E-7,1.0E-7,4.477780000004774,0.0,15.14781888755532
399.0,1.0,1.0E-7,1.0E-7,4.455780000004793,0.0,15.14548982316237
400.0,1.0,1.0E-7,1.0E-7,4.4337800000048135,0.0,15.143159772157158
401.0,1.0,1.0E-7,1.0E-7,4.411780000004834,0.0,15.140828723302091
402.0,1.0,1.0E-7,1.0E-7,4.39,0.0,15.138496667195271
403.0,1.0,1.0E-7,1.0E-7,4.39,0.0,15.13616359555975
404.0,1.0,1.0E-7,1.0E-7,4.39,0.0,15.13382950148401
405.0,1.0,1.0E-7,1.0E-7,4.39,0.0,15.131494381215663
406.0,1.0,1.0E-7,1.0E-7,4.39,0.0,15.129158233430363
407.0,1.0,1.0E-7,1.0E-7,4.389340000014861,0.0,15.126821058277311
408.0,1.0,1.0E-7,1.0E-7,4.3233400000149205,0.0,15.124482856779528
409.0,1.0,1.0E-7,1.0E-7,4.257340000014981,0.0,15.122143628455342
410.0,1.0,1.0E-7,1.0E-7,4.191340000015041,0.0,15.119803364929627
411.0,1.0,1.0E-7,1.0E-7,4.1253400000151,0.0,15.117462051515414
412.0,1.0,1.0E-7,1.0E-7,4.0583200000385915,0.0,15.115119669705853
413.0,1.0,1.0E-7,1.0E-7,3.8903200000387446,0.0,15.112776198657917
414.0,1.0,1.0E-7,1.0E-7,3.7223200000388976,0.0,15.110431612979436
415.0,1.0,1.0E-7,1.0E-7,3.5543200000390502,0.0,15.108085873744903
416.0,1.0,1.0E-7,1.0E-7,3.386320000039203,0.0,15.105738931478928
417.0,1.0,1.0E-7,1.0E-7,3.219220000018273,0.0,15.103390730336299
418.0,1.0,1.0E-7,1.0E-7,3.1412200000183437,0.0,15.101041210667018
419.0,1.0,1.0E-7,1.0E-7,3.0632200000184144,0.0,15.098690313321798
420.0,1.0,1.0E-7,1.0E-7,2.9852200000184856,0.0,15.096337989008408
421.0,1.0,1.0E-7,1.0E-7,2.907220000018556,0.0,15.093984196526483
422.0,1.0,1.0E-7,1.0E-7,2.8311199999732537,0.0,15.091628899606716
423.0,1.0,1.0E-7,1.0E-7,2.9431199999731517,0.0,15.089272065047895
424.0,1.0,1.0E-7,1.0E-7,3.0551199999730496,0.0,15.08691366738468
425.0,1.0,1.0E-7,1.0E-7,3.1671199999729476,0.0,15.084553705955404
426.0,1.0,1.0E-7,1.0E-7,3.279119999972846,0.0,15.082192199545563
427.0,1.0,1.0E-7,1.0E-7,3.39,0.0,15.079829178724472
428.0,1.0,1.0E-7,1.0E-7,3.3900000000000006,0.0,15.077464681157059
429.0,1.0,1.0E-7,1.0E-7,3.39,0.0,15.075098745338614
430.0,1.0,1.0E-7,1.0E-7,3.3900000000000006,0.0,15.072731398399114
431.0,1.0,1.0E-7,1.0E-7,3.39,0.0,15.07036265796524
432.0,1.0,1.0E-7,1.0E-7,3.393999999900839,0.0,15.067992535890356
433.0,1.0,1.0E-7,1.0E-7,3.7939999999004748,0.0,15.065621040640194
434.0,1.0,1.0E-7,1.0E-7,4.193999999900111,0.0,15.063248190950569
435.0,1.0,1.0E-7,1.0E-7,4.593999999899747,0.0,15.06087405408572
436.0,1.0,1.0E-7,1.0E-7,4.993999999899383,0.0,15.058498735975132
437.0,1.0,1.0E-7,1.0E-7,5.388880000028274,0.0,15.05612236593794
438.0,1.0,1.0E-7,1.0E-7,5.276880000028376,0.0,15.053745087251263
439.0,1.0,1.0E-7,1.0E-7,5.164880000028478,0.0,15.051367035796074
440.0,1.0,1.0E-7,1.0E-7,5.05288000002858,0.0,15.048988288733456
441.0,1.0,1.0E-7,1.0E-7,4.940880000028682,0.0,15.046608875702077
442.0,1.0,1.0E-7,1.0E-7,4.829680000008224,0.0,15.04422879750328
443.0,1.0,1.0E-7,1.0E-7,4.797680000008254,0.0,15.04184803747339
444.0,1.0,1.0E-7,1.0E-7,4.765680000008283,0.0,15.039466570832609
445.0,1.0,1.0E-7,1.0E-7,4.733680000008311,0.0,15.037084376354588
446.0,1.0,1.0E-7,1.0E-7,4.7016800000083405,0.0,15.034701436835052
447.0,1.0,1.0E-7,1.0E-7,4.67,0.0,15.032317737518555
448.0,1.0,1.0E-7,1.0E-7,4.67,0.0,15.029933265152804
449.0,1.0,1.0E-7,1.0E-7,4.67,0.0,15.027548008391015
450.0,1.0,1.0E-7,1.0E-7,4.67,0.0,15.025161960433364
451.0,1.0,1.0E-7,1.0E-7,4.67,0.0,15.022775117983347
452.0,1.0,1.0E-7,1.0E-7,4.67,0.0,15.020387479871045
453.0,1.0,1.0E-7,1.0E-7,4.669880000003204,0.0,15.017999046217003
454.0,1.0,1.0E-7,1.0E-7,4.657880000003215,0.0,15.015609817920817
455.0,1.0,1.0E-7,1.0E-7,4.645880000003226,0.0,15.013219795984277
456.0,1.0,1.0E-7,1.0E-7,4.633880000003237,0.0,15.010828980201545
457.0,1.0,1.0E-7,1.0E-7,4.621880000003248,0.0,15.008437369356255
458.0,1.0,1.0E-7,1.0E-7,4.61,0.0,15.006044961620168
459.0,1.0,1.0E-7,1.0E-7,4.61,0.0,15.003651754798524
460.0,1.0,1.0E-7,1.0E-7,4.61,0.0,15.001257746846125
461.0,1.0,1.0E-7,1.0E-7,4.61,0.0,14.998862937078227
462.0,1.0,1.0E-7,1.0E-7,4.61,0.0,14.996467325914322
463.0,1.0,1.0E-7,1.0E-7,4.61,0.0,14.994070914443208
464.0,1.0,1.0E-7,1.0E-7,4.61,0.0,14.991673704159716
465.0,1.0,1.0E-7,1.0E-7,4.61,0.0,14.98927569680336
466.0,1.0,1.0E-7,1.0E-7,4.61,0.0,14.986876894261716
467.0,1.0,1.0E-7,1.0E-7,4.61,0.0,14.98447729851109
468.0,1.0,1.0E-7,1.0E-7,4.609780000006174,0.0,14.982076911580597
469.0,1.0,1.0E-7,1.0E-7,4.587780000006195,0.0,14.979675735523802
470.0,1.0,1.0E-7,1.0E-7,4.565780000006215,0.0,14.977273771729918
471.0,1.0,1.0E-7,1.0E-7,4.543780000006235,0.0,14.974871018857566
472.0,1.0,1.0E-7,1.0E-7,4.521780000006254,0.0,14.972467473400256
473.0,1.0,1.0E-7,1.0E-7,4.499780000006274,0.0,14.970063130540588
474.0,1.0,1.0E-7,1.0E-7,4.477780000006294,0.0,14.967657984668849
475.0,1.0,1.0E-7,1.0E-7,4.455780000006314,0.0,14.965252029698322
476.0,1.0,1.0E-7,1.0E-7,4.433780000006334,0.0,14.962845259256364
477.0,1.0,1.0E-7,1.0E-7,4.411780000006354,0.0,14.96043766680085
478.0,1.0,1.0E-7,1.0E-7,4.390219999993625,0.0,14.958029245690511
479.0,1.0,1.0E-7,1.0E-7,4.412219999993606,0.0,14.955619989241061
480.0,1.0,1.0E-7,1.0E-7,4.434219999993585,0.0,14.953209892102329
481.0,1.0,1.0E-7,1.0E-7,4.456219999993566,0.0,14.950798954390384
482.0,1.0,1.0E-7,1.0E-7,4.478219999993546,0.0,14.94838718055643
483.0,1.0,1.0E-7,1.0E-7,4.5,0.0,14.9459745776784
484.0,1.0,1.0E-7,1.0E-7,4.5,0.0,14.943561154416798
485.0,1.0,1.0E-7,1.0E-7,4.5,0.0,14.941146919709038
486.0,1.0,1.0E-7,1.0E-7,4.5,0.0,14.938731880328342
487.0,1.0,1.0E-7,1.0E-7,4.5,0.0,14.936316041222076
488.0,1.0,1.0E-7,1.0E-7,4.499780000006575,0.0,14.933899406227209
489.0,1.0,1.0E-7,1.0E-7,4.477780000006594,0.0,14.93148197849909
490.0,1.0,1.0E-7,1.0E-7,4.455780000006614,0.0,14.929063760099785
491.0,1.0,1.0E-7,1.0E-7,4.433780000006634,0.0,14.926644750100186
492.0,1.0,1.0E-7,1.0E-7,4.4117800000066545,0.0,14.924224945247824
493.0,1.0,1.0E-7,1.0E-7,4.39,0.0,14.92180434088325
494.0,1.0,1.0E-7,1.0E-7,4.39,0.0,14.919382931502971
495.0,1.0,1.0E-7,1.0E-7,4.39,0.0,14.91696071177305
496.0,1.0,1.0E-7,1.0E-7,4.39,0.0,14.914537678792538
497.0,1.0,1.0E-7,1.0E-7,4.39,0.0,14.91211383164783
498.0,1.0,1.0E-7,1.0E-7,4.389880000003695,0.0,14.909689170631033
499.0,1.0,1.0E-7,1.0E-7,4.377880000003706,0.0,14.907263696761929
500.0,1.0,1.0E-7,1.0E-7,4.365880000003717,0.0,14.90483741113133
501.0,1.0,1.0E-7,1.0E-7,4.353880000003728,0.0,14.902410313603253
502.0,1.0,1.0E-7,1.0E-7,4.341880000003739,0.0,14.899982403019752
503.0,1.0,1.0E-7,1.0E-7,4.33,0.0,14.897553677603975
504.0,1.0,1.0E-7,1.0E-7,4.33,0.0,14.895124135208286
505.0,1.0,1.0E-7,1.0E-7,4.33,0.0,14.892693773831667
506.0,1.0,1.0E-7,1.0E-7,4.33,0.0,14.890262592832306
507.0,1.0,1.0E-7,1.0E-7,4.33,0.0,14.88783059267151
508.0,1.0,1.0E-7,1.0E-7,4.33,0.0,14.885397774479513
509.0,1.0,1.0E-7,1.0E-7,4.33,0.0,14.88296413979144
510.0,1.0,1.0E-7,1.0E-7,4.33,21.0,14.880529690387538
511.0,1.0,20.0,20.0,4.33,21.0,14.878094428195725
512.0,1.0,20.0,20.0,4.33,21.0,15.152246732796764
513.0,1.0,20.0,20.0,4.33,21.0,15.423204047166184
514.0,1.0,20.0,20.0,4.33,21.0,15.690999092109331
515.0,1.0,20.0,20.0,4.33,21.0,15.955668783660657
516.0,1.0,20.0,20.0,4.33,21.0,16.21724960365202
517.0,1.0,20.0,20.0,4.33,21.0,16.47577760609373
518.0,1.0,20.0,20.0,4.3301199999960875,21.0,16.731288422966983
519.0,1.0,20.0,20.0,4.3421199999960765,21.0,16.98381726963717
520.0,1.0,20.0,20.0,4.354119999996065,21.0,17.233398950377556
521.0,1.0,20.0,20.0,4.366119999996054,21.0,17.480067864463468
522.0,1.0,20.0,20.0,4.378119999996043,21.0,17.72385801069734
523.0,1.0,20.0,20.0,4.389880000003967,21.0,17.964802991684625
524.0,1.0,20.0,20.0,4.377880000003978,21.0,18.202936018210043
525.0,1.0,20.0,20.0,4.365880000003989,21.0,18.43828991292819
526.0,1.0,20.0,20.0,4.353880000004,21.0,18.6708971125722
527.0,1.0,20.0,20.0,4.341880000004011,21.0,18.900789673022544
528.0,1.0,20.0,20.0,4.33,21.0,19.127999274646918
529.0,1.0,20.0,20.0,4.33,21.0,19.352557227230708
530.0,1.0,20.0,20.0,4.33,21.0,19.57449447499851
531.0,1.0,20.0,20.0,4.33,21.0,19.793841602198732
532.0,1.0,20.0,20.0,4.33,21.0,20.010628837116087
533.0,1.0,20.0,20.0,4.33,21.0,20.224886055836947
534.0,1.0,20.0,20.0,4.33,21.0,20.436642786123198
535.0,1.0,20.0,20.0,4.33,21.0,20.64592821133267
536.0,1.0,18.541880486565436,18.541880486565436,4.33,21.0,20.852771174352878
537.0,1.0,8.201204623811531,8.201204623811531,4.33,21.0,21.041907951349483
538.0,1.0,1.0E-7,1.0E-7,4.33,21.0,21.121258059501894
539.0,1.0,1.0E-7,1.0E-7,4.329560000015187,21.0,21.114672192362512
540.0,1.0,1.0E-7,1.0E-7,4.285560000015227,21.0,21.108087512124715
541.0,1.0,1.0E-7,1.0E-7,4.241560000015268,21.0,21.10150543719553
542.0,1.0,1.0E-7,1.0E-7,4.197560000015307,21.0,21.09492595481519
543.0,1.0,1.0E-7,1.0E-7,4.153560000015347,21.0,21.088349049796115
544.0,1.0,1.0E-7,1.0E-7,4.110439999984613,21.0,21.081774705486193
545.0,1.0,1.0E-7,1.0E-7,4.1544399999845725,21.0,21.075202904380802
546.0,1.0,1.0E-7,1.0E-7,4.198439999984533,21.0,21.068633631179797
547.0,1.0,1.0E-7,1.0E-7,4.242439999984493,21.0,21.062066881236785
548.0,1.0,1.0E-7,1.0E-7,4.286439999984453,21.0,21.05550265840834
549.0,1.0,1.0E-7,1.0E-7,4.330119999995749,21.0,21.048940971705356
550.0,1.0,1.0E-7,1.0E-7,4.342119999995738,21.0,21.042381833249316
551.0,1.0,1.0E-7,1.0E-7,4.354119999995727,21.0,21.0358252560546
552.0,1.0,1.0E-7,1.0E-7,4.366119999995716,21.0,21.02927125028469
553.0,1.0,1.0E-7,1.0E-7,4.378119999995705,21.0,21.022719823626243
554.0,1.0,1.0E-7,1.0E-7,4.39,21.0,21.016170982258796
555.0,1.0,0.01912225796545597,0.01912225796545597,4.39,21.0,21.009624731440578
556.0,1.0,0.3463385515619458,0.3463385515619458,4.39,21.0,21.00328211224499
557.0,1.0,0.6634366902189507,0.6634366902189507,4.39,21.0,21.00038296664596
558.0,1.0,0.8083901405038543,0.8083901405038543,4.39,21.0,21.000819094145715
559.0,1.0,0.7865755745747209,0.7865755745747209,4.39,21.0,21.002777170974067
560.0,1.0,0.6886439614473899,0.6886439614473899,4.39,21.0,21.00450209890349
561.0,1.0,0.6023525439871871,0.6023525439871871,4.39,21.0,21.005194008442217
562.0,1.0,0.567705126966426,0.567705126966426,4.39,21.0,21.004976400120462
563.0,1.0,0.5785357790529655,0.5785357790529655,4.39,21.0,21.004393077902556
564.0,1.0,0.6076579591692578,0.6076579591692578,4.39,21.0,21.003922495908512
565.0,1.0,0.6311478339123746,0.6311478339123746,4.39,21.0,21.003756858135628
566.0,1.0,0.639392153975231,0.639392153975231,4.39,21.0,21.00383665990457
567.0,1.0,0.6353636989289819,0.6353636989289819,4.39,21.0,21.004001379481085
568.0,1.0,0.627087706308483,0.627087706308483,4.39,21.0,21.004121907948544
569.0,1.0,0.6210200638560464,0.6210200638560464,4.390219999991806,21.0,21.004153636345727
570.0,1.0,0.619392107633466,0.619392107633466,4.412219999991786,21.0,21.00411987050225
571.0,1.0,0.6210392011022394,0.6210392011022394,4.4342199999917655,21.0,21.00406735160154
572.0,1.0,0.6236244726216855,0.6236244726216855,4.456219999991746,21.0,21.004030533790065
573.0,1.0,0.6254250578576303,0.6254250578576303,4.478219999991726,21.0,21.004019271799315
574.0,1.0,0.6259479646771243,0.6259479646771243,4.499780000008294,21.0,21.004025299191596
575.0,1.0,0.6256063420711442,0.6256063420711442,4.477780000008313,21.0,21.004035175505162
576.0,1.0,0.6250721746377885,0.6250721746377885,4.455780000008334,21.0,21.004039816141226
577.0,1.0,0.6247997446731829,0.6247997446731829,4.433780000008354,21.0,21.004037204934452
578.0,1.0,0.6248899329625565,0.6248899329625565,4.411780000008374,21.0,21.004030099462028
579.0,1.0,0.6252049055891249,0.6252049055891249,4.39,21.0,21.00402231262579
580.0,1.0,0.6255540242748131,0.6255540242748131,4.39,21.0,21.004016202977667
581.0,1.0,0.6258193446511631,0.6258193446511631,4.39,21.0,21.004012122290767
582.0,1.0,0.6259832577732304,0.6259832577732304,4.39,21.0,21.004009184201898
583.0,1.0,0.6260900703746657,0.6260900703746657,4.39,21.0,21.004006319928003
584.0,1.0,0.6261932208701555,0.6261932208701555,4.3898800000046325,21.0,21.00400292865535
585.0,1.0,0.626322755216248,0.626322755216248,4.377880000004644,21.0,21.00399897264014
586.0,1.0,0.6264805662503286,0.6264805662503286,4.365880000004655,21.0,21.003994730091424
587.0,1.0,0.626652746385209,0.626652746385209,4.353880000004666,21.0,21.003990497597524
588.0,1.0,0.626824466104246,0.626824466104246,4.341880000004677,21.0,21.003986424207646
589.0,1.0,0.6269882713560618,0.6269882713560618,4.330339999986718,21.0,21.003982502292068
590.0,1.0,0.627144542112045,0.627144542112045,4.364339999986687,21.0,21.003978645497025
591.0,1.0,0.6272975954092413,0.6272975954092413,4.398339999986656,21.0,21.00397477274523
592.0,1.0,0.6274514852714851,0.6274514852714851,4.432339999986626,21.0,21.003970854016554
593.0,1.0,0.6276077131651528,0.6276077131651528,4.4663399999865945,21.0,21.003966906399285
594.0,1.0,0.6277654249646358,0.6277654249646358,4.500219999991306,21.0,21.00396296545271
595.0,1.0,0.6279228426387848,0.6279228426387848,4.522219999991286,21.0,21.00395905935495
596.0,1.0,0.6280785569332308,0.6280785569332308,4.544219999991266,21.0,21.00395519818104
597.0,1.0,0.6282320636470282,0.6282320636470282,4.5662199999912465,21.0,21.00395137628183
598.0,1.0,0.6283836448446877,0.6283836448446877,4.588219999991226,21.0,21.003947581886234
599.0,1.0,0.6285338888056227,0.6285338888056227,4.6097800000087945,21.0,21.003943805694576
600.0,1.0,0.6286832603315786,0.6286832603315786,4.587780000008815,21.0,21.003940044277734
601.0,1.0,0.6288319307309012,0.6288319307309012,4.565780000008834,21.0,21.003936297541223
602.0,1.0,0.6289799045810079,0.6289799045810079,4.543780000008854,21.0,21.00393256159153
603.0,1.0,0.629127376449773,0.629127376449773,4.521780000008874,21.0,21.00392882816799
604.0,1.0,0.629274759345098,0.629274759345098,4.5,21.0,21.003925088382093
605.0,1.0,0.6294224977560807,0.6294224977560807,4.5,21.0,21.003921336076587
606.0,1.0,0.6295708996706304,0.6295708996706304,4.5,21.0,21.00391756947037
607.0,1.0,0.6297200542867397,0.6297200542867397,4.5,21.0,21.00391379216601
608.0,1.0,0.6298697815831222,0.6298697815831222,4.5,21.0,21.003910010512673
609.0,1.0,0.6300197641448526,0.6300197641448526,4.5,21.0,21.003906230060675
610.0,1.0,0.6301697244441293,0.6301697244441293,4.5,21.0,21.003902453685622
611.0,1.0,0.6303195186599064,0.6303195186599064,4.5,21.0,21.003898681747785
612.0,1.0,0.6304691287343099,0.6304691287343099,4.5,21.0,21.00389491334095
613.0,1.0,0.6306185999426295,0.6306185999426295,4.5,21.0,21.003891147518605
614.0,1.0,0.6307679795847191,0.6307679795847191,4.5,21.0,21.003887383901287
615.0,1.0,0.6309172866116183,0.6309172866116183,4.5,21.0,21.003883622661373
616.0,1.0,0.6310665123806697,0.6310665123806697,4.5,21.0,21.003879864203135
617.0,1.0,0.6312156366505367,0.6312156366505367,4.5,21.0,21.003876108858776
618.0,1.0,0.6313646427799007,0.6313646427799007,4.5,21.0,21.003872356758933
619.0,1.0,0.6315135242044747,0.6315135242044747,4.5,21.0,21.003868607865638
620.0,1.0,0.6316622827905859,0.6316622827905859,4.50033999998576,21.0,21.00386486207566
621.0,1.0,0.6318109236687611,0.6318109236687611,4.534339999985729,21.0,21.003861119317612
622.0,1.0,0.6319594503779149,0.6319594503779149,4.568339999985698,21.0,21.003857380628673
623.0,1.0,0.6321078110185723,0.6321078110185723,4.6023399999856665,21.0,21.003853651317517
624.0,1.0,0.6322557400632358,0.6322557400632358,4.636339999985636,21.0,21.00384993949783
625.0,1.0,0.632402831652616,0.632402831652616,4.66988000000508,21.0,21.00384625251751
626.0,1.0,0.6325487181434934,0.6325487181434934,4.6578800000050915,21.0,21.003842594666803
627.0,1.0,0.6326931847320753,0.6326931847320753,4.645880000005103,21.0,21.003838965683176
628.0,1.0,0.6328362442566124,0.6328362442566124,4.633880000005114,21.0,21.00383535776287
629.0,1.0,0.632978286694265,0.632978286694265,4.621880000005125,21.0,21.003831758970456
630.0,1.0,0.6331199087252752,0.6331199087252752,4.610119999994866,21.0,21.00382815888732
631.0,1.0,0.6332616312932265,0.6332616312932265,4.622119999994855,21.0,21.00382455181073
632.0,1.0,0.6334037396045902,0.6334037396045902,4.6341199999948435,21.0,21.003820937309335
633.0,1.0,0.6335462553012506,0.6335462553012506,4.646119999994832,21.0,21.003817320360817
634.0,1.0,0.6336889295235659,0.6336889295235659,4.658119999994821,21.0,21.003813708184342
635.0,1.0,0.6338314012654414,0.6338314012654414,4.67,21.0,21.0038101065996
636.0,1.0,0.6339733794364786,0.6339733794364786,4.67,21.0,21.00380651836329
637.0,1.0,0.634114726068383,0.634114726068383,4.67,21.0,21.003802943245603
638.0,1.0,0.6342554525203328,0.6342554525203328,4.67,21.0,21.00379937834215
639.0,1.0,0.6343957039094886,0.6343957039094886,4.67,21.0,21.003795819849014
640.0,1.0,0.634535670367873,0.634535670367873,4.670000000000001,21.0,21.003792264870313
641.0,1.0,0.6346754966542072,0.6346754966542072,4.67,21.0,21.003788712134497
642.0,1.0,0.6348152463236502,0.6348152463236502,4.67,21.0,21.003785161663533
643.0,1.0,0.634954918255232,0.634954918255232,4.67,21.0,21.003781614007632
644.0,1.0,0.6350944849101858,0.6350944849101858,4.67,21.0,21.003778069619507
645.0,1.0,0.6352339236202518,0.6352339236202518,4.670219999990286,21.0,21.00377452860977
646.0,1.0,0.6353732288209589,0.6353732288209589,4.692219999990266,21.0,21.00377099082511
647.0,1.0,0.6355124081457467,0.6355124081457467,4.714219999990246,21.0,21.003767456716098
648.0,1.0,0.6356514390292132,0.6356514390292132,4.736219999990226,21.0,21.00376392954127
649.0,1.0,0.6357901584751,0.6357901584751,4.758219999990206,21.0,21.003760414482375
650.0,1.0,0.6359283072750961,0.6359283072750961,4.780000000000001,21.0,21.00375691631359
651.0,1.0,0.636065646551159,0.636065646551159,4.78,21.0,21.00375343786589
652.0,1.0,0.6362020345576161,0.6362020345576161,4.780000000000001,21.0,21.003749979253573
653.0,1.0,0.6363374653808631,0.6363374653808631,4.78,21.0,21.003746536644858
654.0,1.0,0.6364721304501861,0.6364721304501861,4.78,21.0,21.00374310415255
655.0,1.0,0.63660632402398,0.63660632402398,4.78,21.0,21.003739676691673
656.0,1.0,0.6367403003009967,0.6367403003009967,4.78,21.0,21.003736251537745
657.0,1.0,0.636874195481999,0.636874195481999,4.78,21.0,21.003732828192643
658.0,1.0,0.6370080344551978,0.6370080344551978,4.78,21.0,21.00372940731785
659.0,1.0,0.6371417841217244,0.6371417841217244,4.78,21.0,21.003725989669718
660.0,1.0,0.6372754066315632,0.6372754066315632,4.78,21.0,21.003722575554846
661.0,1.0,0.6374088866195999,0.6374088866195999,4.780000000000001,21.0,21.003719164819675
662.0,1.0,0.6375422317299846,0.6375422317299846,4.78,21.0,21.003715757111472
663.0,1.0,0.6376754595690064,0.6376754595690064,4.78,21.0,21.00371235213487
664.0,1.0,0.6378085848778025,0.6378085848778025,4.78,21.0,21.00370894976543
665.0,1.0,0.6379416138521686,0.6379416138521686,4.780000000000001,21.0,21.003705550024637
666.0,1.0,0.6380745453914778,0.6380745453914778,4.78,21.0,21.003702152993252
667.0,1.0,0.6382073754307991,0.6382073754307991,4.780000000000001,21.0,21.00369875873648
668.0,1.0,0.6383401006820612,0.6383401006820612,4.78,21.0,21.00369536727395
669.0,1.0,0.6384727201358844,0.6384727201358844,4.78,21.0,21.003691978588883
670.0,1.0,0.6386052346032899,0.6386052346032899,4.780319999985142,21.0,21.003688592652164
671.0,1.0,0.6387376455126962,0.6387376455126962,4.812319999985114,21.0,21.003685209451714
672.0,1.0,0.638869953440702,0.638869953440702,4.844319999985085,21.0,21.00368182998155
673.0,1.0,0.6390021086491386,0.6390021086491386,4.876319999985055,21.0,21.003678459225437
674.0,1.0,0.6391338618624625,0.6391338618624625,4.908319999985026,21.0,21.00367510479745
675.0,1.0,0.6392648322139235,0.6392648322139235,4.94,21.0,21.003671773596984
676.0,1.0,0.6393946745011496,0.6393946745011496,4.94,21.0,21.003668469660553
677.0,1.0,0.6395231866260995,0.6395231866260995,4.94,21.0,21.003665193098545
678.0,1.0,0.6396503627955331,0.6396503627955331,4.94,21.0,21.003661938330485
679.0,1.0,0.6397764818152484,0.6397764818152484,4.94,21.0,21.003658696812668
680.0,1.0,0.6399019707379633,0.6399019707379633,4.94,21.0,21.003655461174546
681.0,1.0,0.6400271980323118,0.6400271980323118,4.94,21.0,21.003652227469658
682.0,1.0,0.6401523610020083,0.6401523610020083,4.94,21.0,21.003648994977084
683.0,1.0,0.6402774956809404,0.6402774956809404,4.94,21.0,21.003645764654607
684.0,1.0,0.6404025541582476,0.6404025541582476,4.94,21.0,21.003642537597024
685.0,1.0,0.640527481661424,0.640527481661424,4.94023999998853,21.0,21.003639314247565
686.0,1.0,0.6406522559919158,0.6406522559919158,4.964239999988508,21.0,21.003636094390966
687.0,1.0,0.6407768878779179,0.6407768878779179,4.988239999988486,21.0,21.003632878268267
688.0,1.0,0.6409013652302208,0.6409013652302208,5.012239999988464,21.0,21.00362966918907
689.0,1.0,0.6410255224981377,0.6410255224981377,5.0362399999884415,21.0,21.003626472681095
690.0,1.0,0.641149083170109,0.641149083170109,5.06,21.0,21.00362329394919
691.0,1.0,0.6412717868258797,0.6412717868258797,5.0600000000000005,21.0,21.003620136139574
692.0,1.0,0.6413934759452626,0.6413934759452626,5.0600000000000005,21.0,21.00361699943306
693.0,1.0,0.6415141412766362,0.6415141412766362,5.06,21.0,21.003613879677
694.0,1.0,0.6416339902828073,0.6416339902828073,5.059999999999999,21.0,21.003610770442993
695.0,1.0,0.6417533442787792,0.6417533442787792,5.060083333329274,21.0,21.003607666163983
696.0,1.0,0.6418724815676317,0.6418724815676317,5.0684166666626,21.0,21.003604563853486
697.0,1.0,0.6419915514539659,0.6419915514539659,5.076749999995926,21.0,21.00360146322275
698.0,1.0,0.6421105683585022,0.6421105683585022,5.085083333329251,21.0,21.00359836629327
699.0,1.0,0.6422294311695238,0.6422294311695238,5.093416666662578,21.0,21.003595275878116
700.0,1.0,0.6423479991685317,0.6423479991685317,5.101749999995904,21.0,21.003592194111885
701.0,1.0,0.6424661655389453,0.6424661655389453,5.109660000016746,21.0,21.003589121883042
702.0,1.0,0.642583885762259,0.642583885762259,5.075660000016776,21.0,21.003586059084203
703.0,1.0,0.6427011651133888,0.6427011651133888,5.041660000016807,21.0,21.003583003912162
704.0,1.0,0.6428180936763016,0.6428180936763016,5.007660000016838,21.0,21.003579949397636
705.0,1.0,0.6429350199086131,0.6429350199086131,4.973660000016869,21.0,21.00357688537561
706.0,1.0,0.6430524521560843,0.6430524521560843,4.940239999988072,21.0,21.003573802837707
707.0,1.0,0.6431708410229537,0.6431708410229537,4.964239999988049,21.0,21.0035706966225
708.0,1.0,0.6432904448170701,0.6432904448170701,4.988239999988028,21.0,21.00356756718697
709.0,1.0,0.6434112409217139,0.6434112409217139,5.012239999988005,21.0,21.003564424371977
710.0,1.0,0.6435327374276512,0.6435327374276512,5.036239999987983,21.0,21.0035612831627
711.0,1.0,0.6436541850598587,0.6436541850598587,5.059540000023073,21.0,21.00355815662887
712.0,1.0,0.6437749301850728,0.6437749301850728,5.013540000023115,21.0,21.003555051912347
713.0,1.0,0.6438946154920985,0.6438946154920985,4.967540000023156,21.0,21.003551968307278
714.0,1.0,0.6440132760624789,0.6440132760624789,4.921540000023199,21.0,21.003548893358943
715.0,1.0,0.644131534545643,0.644131534545643,4.875540000023241,21.0,21.00354580852171
716.0,1.0,0.64425031832202,0.64425031832202,4.830219999988865,21.0,21.00354269788907
717.0,1.0,0.6443704229751471,0.6443704229751471,4.852219999988845,21.0,21.003539552962113
718.0,1.0,0.6444922737933798,0.6444922737933798,4.874219999988825,21.0,21.003536374284018
719.0,1.0,0.6446158439553321,0.6446158439553321,4.896219999988805,21.0,21.003533174469
720.0,1.0,0.6447405029616008,0.6447405029616008,4.918219999988786,21.0,21.003529972028716
721.0,1.0,0.6448653252554504,0.6448653252554504,4.940339999982637,21.0,21.003526782583663
722.0,1.0,0.6449895296822614,0.6449895296822614,4.974339999982606,21.0,21.003523614290014
723.0,1.0,0.6451127082217998,0.6451127082217998,5.008339999982574,21.0,21.00352046883607
724.0,1.0,0.6452347762307045,0.6452347762307045,5.042339999982544,21.0,21.00351734594908
725.0,1.0,0.6453557471205751,0.6453557471205751,5.076339999982514,21.0,21.003514246155707
726.0,1.0,0.6454755943277616,0.6454755943277616,5.11,21.0,21.00351117114426
727.0,1.0,0.6455942331885927,0.6455942331885927,5.11,21.0,21.0035081229274
728.0,1.0,0.645711562802376,0.645711562802376,5.11,21.0,21.003505101941357
729.0,1.0,0.6458275610850952,0.6458275610850952,5.11,21.0,21.003502103545628
730.0,1.0,0.6459424598360908,0.6459424598360908,5.11,21.0,21.003499119645014
731.0,1.0,0.6460566636703704,0.6460566636703704,5.11,21.0,21.003496142628993
732.0,1.0,0.6461705530450988,0.6461705530450988,5.11,21.0,21.003493167957448
733.0,1.0,0.6462843549428009,0.6462843549428009,5.11,21.0,21.00349019437149
734.0,1.0,0.6463981322969371,0.6463981322969371,5.11,21.0,21.003487222559876
735.0,1.0,0.646511850652067,0.646511850652067,5.109999999999999,21.0,21.003484253605144
736.0,1.0,0.6466254558526076,0.6466254558526076,5.11,21.0,21.003481288063874
737.0,1.0,0.6467389200354852,0.6467389200354852,5.11,21.0,21.00347832582351
738.0,1.0,0.6468522487953668,0.6468522487953668,5.11,21.0,21.003475366418424
739.0,1.0,0.6469654653855431,0.6469654653855431,5.11,21.0,21.003472409405177
740.0,1.0,0.6470785919538711,0.6470785919538711,5.11,21.0,21.003469454562524
741.0,1.0,0.6471916395409071,0.6471916395409071,5.110219999988365,21.0,21.003466501888152
742.0,1.0,0.6473046082406091,0.6473046082406091,5.1322199999883455,21.0,21.003463551493624
743.0,1.0,0.6474174924520629,0.6474174924520629,5.1542199999883245,21.0,21.00346060416764
744.0,1.0,0.6475302527096389,0.6475302527096389,5.176219999988305,21.0,21.003457663376217
745.0,1.0,0.6476427156469735,0.6476427156469735,5.198219999988285,21.0,21.003454734335786
746.0,1.0,0.6477546203251479,0.6477546203251479,5.220219999988264,21.0,21.003451821749408
747.0,1.0,0.6478657314265688,0.6478657314265688,5.242219999988245,21.0,21.003448928367504
748.0,1.0,0.6479759112380861,0.6479759112380861,5.264219999988224,21.0,21.003446054943584
749.0,1.0,0.6480851218846571,0.6480851218846571,5.286219999988205,21.0,21.003443201071132
750.0,1.0,0.6481933834965525,0.6481933834965525,5.308219999988185,21.0,21.0034403661179
751.0,1.0,0.6483007274969819,0.6483007274969819,5.329220000041961,21.0,21.003437549765653
752.0,1.0,0.6484071696116517,0.6484071696116517,5.251220000042033,21.0,21.003434752055444
753.0,1.0,0.6485127076015612,0.6485127076015612,5.173220000042104,21.0,21.00343197012603
754.0,1.0,0.648617484370998,0.648617484370998,5.0952200000421755,21.0,21.003429188656398
755.0,1.0,0.6487222659660538,0.6487222659660538,5.017220000042246,21.0,21.003426383978777
756.0,1.0,0.6488282360073068,0.6488282360073068,4.940339999981554,21.0,21.003423534521428
757.0,1.0,0.6489364735295517,0.6489364735295517,4.974339999981524,21.0,21.00342062758855
758.0,1.0,0.6490476138975424,0.6490476138975424,5.008339999981493,21.0,21.003417663122065
759.0,1.0,0.6491616605906029,0.6491616605906029,5.042339999981461,21.0,21.00341466037378
760.0,1.0,0.6492776514010106,0.6492776514010106,5.076339999981431,21.0,21.00341164887561
761.0,1.0,0.6493941098208851,0.6493941098208851,5.109900000005471,21.0,21.003408654242584
762.0,1.0,0.6495097549297147,0.6495097549297147,5.09990000000548,21.0,21.003405690306092
763.0,1.0,0.6496238948512436,0.6496238948512436,5.089900000005489,21.0,21.00340275834253
764.0,1.0,0.6497364654458596,0.6497364654458596,5.079900000005498,21.0,21.003399848258923
765.0,1.0,0.6498479711437081,0.6498479711437081,5.069900000005506,21.0,21.003396945792147
766.0,1.0,0.649959125024555,0.649959125024555,5.059760000013239,21.0,21.00339403986823
767.0,1.0,0.6500704808217475,0.6500704808217475,5.035760000013261,21.0,21.003391125625317
768.0,1.0,0.6501822817111326,0.6501822817111326,5.0117600000132825,21.0,21.003388202810484
769.0,1.0,0.6502945404246692,0.6502945404246692,4.987760000013305,21.0,21.003385271509025
770.0,1.0,0.650407252782546,0.650407252782546,4.963760000013326,21.0,21.003382330270544
771.0,1.0,0.6505204914039012,0.6505204914039012,4.940283333317576,21.0,21.003379376590896
772.0,1.0,0.6506343816203689,0.6506343816203689,4.968616666650883,21.0,21.003376408136248
773.0,1.0,0.650749040271422,0.650749040271422,4.996949999984191,21.0,21.003373425146602
774.0,1.0,0.6508644555022318,0.6508644555022318,5.025283333317498,21.0,21.00337043538755
775.0,1.0,0.6509802391010394,0.6509802391010394,5.0536166666508056,21.0,21.00336745152669
776.0,1.0,0.6510957576287589,0.6510957576287589,5.081949999984113,21.0,21.00336448519127
777.0,1.0,0.6512104295478,0.6512104295478,5.1099000000056165,21.0,21.00336154318813
778.0,1.0,0.6513239142728628,0.6513239142728628,5.099900000005625,21.0,21.003358627312267
779.0,1.0,0.6514361217929561,0.6514361217929561,5.089900000005635,21.0,21.003355735264005
780.0,1.0,0.6515471668533818,0.6515471668533818,5.079900000005644,21.0,21.003352859432013
781.0,1.0,0.6516574298586666,0.6516574298586666,5.069900000005653,21.0,21.003349989878423
782.0,1.0,0.6517674076393974,0.6517674076393974,5.059760000013587,21.0,21.00334711852514
783.0,1.0,0.6518775041182142,0.6518775041182142,5.035760000013609,21.0,21.00334424121705
784.0,1.0,0.6519879271106108,0.6519879271106108,5.0117600000136315,21.0,21.0033413568245
785.0,1.0,0.652098733169895,0.652098733169895,4.987760000013653,21.0,21.003338464180413
786.0,1.0,0.6522099807324372,0.6522099807324372,4.963760000013675,21.0,21.003335561041155
787.0,1.0,0.6523217820849198,0.6523217820849198,4.940339999980596,21.0,21.00333264476677
788.0,1.0,0.6524342693565731,0.6524342693565731,4.974339999980565,21.0,21.003329713305448
789.0,1.0,0.6525475452895586,0.6525475452895586,5.008339999980533,21.0,21.003326767425467
790.0,1.0,0.652661571614346,0.652661571614346,5.042339999980503,21.0,21.003323815977183
791.0,1.0,0.6527759058687739,0.6527759058687739,5.076339999980473,21.0,21.003320872993786
792.0,1.0,0.6528898463086629,0.6528898463086629,5.110219999987344,21.0,21.00331795123459
793.0,1.0,0.6530027547561794,0.6530027547561794,5.132219999987324,21.0,21.003315058121284
794.0,1.0,0.6531142598401906,0.6531142598401906,5.154219999987304,21.0,21.003312195230674
795.0,1.0,0.6532242824184238,0.6532242824184238,5.176219999987284,21.0,21.003309359489855
796.0,1.0,0.6533329758644778,0.6533329758644778,5.1982199999872645,21.0,21.003306546264163
797.0,1.0,0.6534405716864118,0.6534405716864118,5.220219999987244,21.0,21.003303752087632
798.0,1.0,0.6535472429920874,0.6535472429920874,5.242219999987223,21.0,21.003300975656884
799.0,1.0,0.6536530547728951,0.6536530547728951,5.264219999987204,21.0,21.003298217319436
800.0,1.0,0.6537579894721122,0.6537579894721122,5.286219999987184,21.0,21.00329547799952
801.0,1.0,0.6538620006879953,0.6538620006879953,5.3082199999871635,21.0,21.003292758368293
802.0,1.0,0.6539650546656124,0.6539650546656124,5.329560000025712,21.0,21.00329005856506
803.0,1.0,0.6540671442415883,0.6540671442415883,5.285560000025751,21.0,21.003287378322362
804.0,1.0,0.654168282593265,0.654168282593265,5.2415600000257925,21.0,21.003284715232905
805.0,1.0,0.6542685899138059,0.6542685899138059,5.197560000025832,21.0,21.003282058792628
806.0,1.0,0.6543685913397115,0.6543685913397115,5.1535600000258714,21.0,21.003279393243847
807.0,1.0,0.6544690748463136,0.6544690748463136,5.109900000005889,21.0,21.0032767044068
808.0,1.0,0.6545707496545631,0.6545707496545631,5.099900000005897,21.0,21.003273984010765
809.0,1.0,0.6546740296162773,0.6546740296162773,5.0899000000059065,21.0,21.00327123085176
810.0,1.0,0.654778975258043,0.654778975258043,5.079900000005916,21.0,21.003268451436618
811.0,1.0,0.6548852615007121,0.6548852615007121,5.069900000005925,21.0,21.003265655731088
812.0,1.0,0.6549923902199107,0.6549923902199107,5.060319999981009,21.0,21.003262851992357
813.0,1.0,0.6550999486365352,0.6550999486365352,5.09231999998098,21.0,21.003260044290098
814.0,1.0,0.6552077333065909,0.6552077333065909,5.124319999980951,21.0,21.00325723428785
815.0,1.0,0.6553156610760569,0.6553156610760569,5.156319999980922,21.0,21.00325442712721
816.0,1.0,0.6554234748368262,0.6554234748368262,5.188319999980893,21.0,21.0032516314524
817.0,1.0,0.6555307422627958,0.6555307422627958,5.22,21.0,21.003248855853005
818.0,1.0,0.655637033674004,0.655637033674004,5.219999999999999,21.0,21.003246105964568
819.0,1.0,0.6557420670362507,0.6557420670362507,5.219999999999999,21.0,21.003243382880747
820.0,1.0,0.655845787398476,0.655845787398476,5.22,21.0,21.00324068133
821.0,1.0,0.655948458122598,0.655948458122598,5.220000000000001,21.0,21.00323799266151
822.0,1.0,0.6560505116203754,0.6560505116203754,5.219780000013255,21.0,21.003235309297093
823.0,1.0,0.6561523267482934,0.6561523267482934,5.197780000013276,21.0,21.003232627170075
824.0,1.0,0.6562541068275056,0.6562541068275056,5.175780000013296,21.0,21.00322994488979
825.0,1.0,0.6563559213929018,0.6563559213929018,5.153780000013317,21.0,21.0032272600817
826.0,1.0,0.6564578891964772,0.6564578891964772,5.131780000013337,21.0,21.00322456870056
827.0,1.0,0.6565602125665247,0.6565602125665247,5.11,21.0,21.003221866496027
828.0,1.0,0.6566631041282156,0.6566631041282156,5.11,21.0,21.003219150472855
829.0,1.0,0.6567667137820721,0.6567667137820721,5.109999999999999,21.0,21.003216420022806
830.0,1.0,0.6568710720843025,0.6568710720843025,5.11,21.0,21.003213678532745
831.0,1.0,0.6569760098020122,0.6569760098020122,5.11,21.0,21.003210931686308
832.0,1.0,0.6570812428070201,0.6570812428070201,5.110439999973088,21.0,21.003208184583784
833.0,1.0,0.6571865160873885,0.6571865160873885,5.1544399999730475,21.0,21.003205440075902
834.0,1.0,0.6572916870806996,0.6572916870806996,5.198439999973008,21.0,21.0032027001362
835.0,1.0,0.6573966570644716,0.6573966570644716,5.242439999972968,21.0,21.003199970986696
836.0,1.0,0.6575011148297907,0.6575011148297907,5.286439999972927,21.0,21.00319726231165
837.0,1.0,0.6576045759588872,0.6576045759588872,5.329780000013556,21.0,21.00319458324448
838.0,1.0,0.6577065834850699,0.6577065834850699,5.307780000013576,21.0,21.00319193945068
839.0,1.0,0.657806853780513,0.657806853780513,5.285780000013595,21.0,21.00318933073668
840.0,1.0,0.657905396173076,0.657905396173076,5.263780000013616,21.0,21.003186746307026
841.0,1.0,0.6580027501927643,0.6580027501927643,5.2417800000136365,21.0,21.003184169319077
842.0,1.0,0.6580997578970362,0.6580997578970362,5.219680000019863,21.0,21.00318158488292
843.0,1.0,0.658197163856039,0.658197163856039,5.187680000019892,21.0,21.003178984707024
844.0,1.0,0.6582953828038096,0.6582953828038096,5.155680000019921,21.0,21.003176366652042
845.0,1.0,0.6583945218863739,0.6583945218863739,5.1236800000199505,21.0,21.003173730863395
846.0,1.0,0.6584945740100849,0.6584945740100849,5.09168000001998,21.0,21.003171077122232
847.0,1.0,0.6585955502970035,0.6585955502970035,5.06031999997999,21.0,21.003168404236096
848.0,1.0,0.6586975105614636,0.6586975105614636,5.092319999979962,21.0,21.003165710604335
849.0,1.0,0.6588005350434357,0.6588005350434357,5.124319999979932,21.0,21.00316299691508
850.0,1.0,0.6589045895370613,0.6589045895370613,5.156319999979903,21.0,21.003160272476737
851.0,1.0,0.6590092087294181,0.6590092087294181,5.188319999979874,21.0,21.003157552432086
852.0,1.0,0.6591136354376842,0.6591136354376842,5.220283333315487,21.0,21.00315485077978
853.0,1.0,0.6592171695452022,0.6592171695452022,5.248616666648795,21.0,21.0031521758244
854.0,1.0,0.659319395555907,0.659319395555907,5.2769499999821035,21.0,21.003149529767867
855.0,1.0,0.6594202030848781,0.6594202030848781,5.30528333331541,21.0,21.003146910820636
856.0,1.0,0.659519681338248,0.659519681338248,5.333616666648718,21.0,21.003144316174662
857.0,1.0,0.6596179704751829,0.6596179704751829,5.361949999982025,21.0,21.003141744044417
858.0,1.0,0.6597151595470228,0.6597151595470228,5.390219999986023,21.0,21.003139194165446
859.0,1.0,0.6598112615539223,0.6598112615539223,5.412219999986004,21.0,21.003136667232063
860.0,1.0,0.6599062415507287,0.6599062415507287,5.4342199999859835,21.0,21.003134163889314
861.0,1.0,0.6600000670492903,0.6600000670492903,5.456219999985963,21.0,21.003131683627487
862.0,1.0,0.660092763304367,0.660092763304367,5.478219999985943,21.0,21.003129224969182
863.0,1.0,0.6601844039699004,0.6601844039699004,5.499440000035831,21.0,21.003126786319886
864.0,1.0,0.6602750685715376,0.6602750685715376,5.443440000035882,21.0,21.003124366601664
865.0,1.0,0.6603648108165884,0.6603648108165884,5.387440000035933,21.0,21.00312196300912
866.0,1.0,0.660453770813636,0.660453770813636,5.331440000035984,21.0,21.003119563496796
867.0,1.0,0.6605425507949542,0.6605425507949542,5.275440000036035,21.0,21.00311714974586
868.0,1.0,0.6606320668442075,0.6606320668442075,5.220559999963914,21.0,21.003114705082414
869.0,1.0,0.6607231529657671,0.6607231529657671,5.2765599999638635,21.0,21.003112219663247
870.0,1.0,0.6608163017274584,0.6608163017274584,5.332559999963813,21.0,21.00310969417087
871.0,1.0,0.6609114794045999,0.6609114794045999,5.3885599999637614,21.0,21.003107147375857
872.0,1.0,0.6610077476814965,0.6610077476814965,5.444559999963711,21.0,21.00310460810602
873.0,1.0,0.6611036650922452,0.6611036650922452,5.5,21.0,21.003102101622837
874.0,1.0,0.6611979682352449,0.6611979682352449,5.5,21.0,21.00309964182654
875.0,1.0,0.6612899616317565,0.6612899616317565,5.5,21.0,21.003097229906604
876.0,1.0,0.6613795853295236,0.6613795853295236,5.5,21.0,21.003094854167372
877.0,1.0,0.6614674237494502,0.6614674237494502,5.5,21.0,21.003092497611686
878.0,1.0,0.6615543265576628,0.6615543265576628,5.499780000014376,21.0,21.003090146559472
879.0,1.0,0.6616409777027359,0.6616409777027359,5.477780000014397,21.0,21.003087794543042
880.0,1.0,0.6617277005788308,0.6617277005788308,5.455780000014416,21.0,21.003085440560692
881.0,1.0,0.6618145452906984,0.6618145452906984,5.433780000014437,21.0,21.0030830836335
882.0,1.0,0.6619015608140563,0.6619015608140563,5.411780000014456,21.0,21.003080720751473
883.0,1.0,0.6619888977077992,0.6619888977077992,5.39,21.0,21.003078347870588
884.0,1.0,0.6620767582733713,0.6620767582733713,5.39,21.0,21.00307596160062
885.0,1.0,0.6621653121558241,0.6621653121558241,5.39,21.0,21.003073560795357
886.0,1.0,0.6622546168109336,0.6622546168109336,5.39,21.0,21.003071148491024
887.0,1.0,0.6623445205426821,0.6623445205426821,5.39,21.0,21.003068730290973
888.0,1.0,0.6624347432423158,0.6624347432423158,5.389880000007951,21.0,21.003066311391905
889.0,1.0,0.6625250250818268,0.6625250250818268,5.377880000007962,21.0,21.003063894761645
890.0,1.0,0.6626152176471833,0.6626152176471833,5.365880000007973,21.0,21.003061480700964
891.0,1.0,0.6627053058742304,0.6627053058742304,5.353880000007983,21.0,21.003059066723104
892.0,1.0,0.662795414100013,0.662795414100013,5.341880000007995,21.0,21.003056649161945
893.0,1.0,0.6628857256663566,0.6628857256663566,5.330339999977318,21.0,21.003054225042735
894.0,1.0,0.6629763893763976,0.6629763893763976,5.364339999977287,21.0,21.00305179295995
895.0,1.0,0.6630674755860008,0.6630674755860008,5.3983399999772566,21.0,21.003049354273397
896.0,1.0,0.6631589163709682,0.6631589163709682,5.432339999977225,21.0,21.00304691667468
897.0,1.0,0.6632503271400542,0.6632503271400542,5.466339999977194,21.0,21.003044491593013
898.0,1.0,0.6633411363075202,0.6633411363075202,5.5,21.0,21.003042089105943
899.0,1.0,0.6634308397699473,0.6634308397699473,5.5,21.0,21.003039714899536
900.0,1.0,0.6635191529412813,0.6635191529412813,5.5,21.0,21.003037369289974
901.0,1.0,0.6636060597265107,0.6636060597265107,5.5,21.0,21.003035045963095
902.0,1.0,0.6636918756108017,0.6636918756108017,5.5,21.0,21.00303273544353
903.0,1.0,0.6637770742346611,0.6637770742346611,5.499660000022992,21.0,21.003030429761246
904.0,1.0,0.6638620540512148,0.6638620540512148,5.465660000023023,21.0,21.00302812481747
905.0,1.0,0.6639470199918989,0.6639470199918989,5.4316600000230535,21.0,21.003025818980603
906.0,1.0,0.6640320536453651,0.6640320536453651,5.397660000023084,21.0,21.003023508131882
907.0,1.0,0.6641173610001095,0.6641173610001095,5.363660000023115,21.0,21.00302118540984
908.0,1.0,0.6642032852481685,0.6642032852481685,5.33,21.0,21.00301884394054
909.0,1.0,0.6642901702736412,0.6642901702736412,5.33,21.0,21.003016479152254
910.0,1.0,0.6643782448964671,0.6643782448964671,5.33,21.0,21.003014090347907
911.0,1.0,0.664467544210349,0.664467544210349,5.33,21.0,21.003011682990078
912.0,1.0,0.6645577952719246,0.6645577952719246,5.33,21.0,21.00300926597328
913.0,1.0,0.6646485534521049,0.6646485534521049,5.330119999991776,21.0,21.003006847175737
914.0,1.0,0.6647394248574827,0.6647394248574827,5.342119999991766,21.0,21.00300443092812
915.0,1.0,0.6648301929291008,0.6648301929291008,5.354119999991754,21.0,21.00300201847431
916.0,1.0,0.6649207954348604,0.6649207954348604,5.366119999991744,21.0,21.00299961069171
917.0,1.0,0.6650111884578972,0.6650111884578972,5.378119999991733,21.0,21.00299720924009
918.0,1.0,0.6651012889465299,0.6651012889465299,5.390339999976545,21.0,21.00299481618727
919.0,1.0,0.6651909934255191,0.6651909934255191,5.424339999976514,21.0,21.00299243325967
920.0,1.0,0.6652802154729733,0.6652802154729733,5.458339999976483,21.0,21.002990062094895
921.0,1.0,0.6653688730908063,0.6653688730908063,5.492339999976451,21.0,21.002987706352403
922.0,1.0,0.6654567831518694,0.6654567831518694,5.526339999976421,21.0,21.00298537111224
923.0,1.0,0.6655436914489868,0.6655436914489868,5.55932000004722,21.0,21.002983060908473
924.0,1.0,0.665629371028161,0.665629371028161,5.491320000047281,21.0,21.0029807784032
925.0,1.0,0.6657136885078573,0.6657136885078573,5.423320000047343,21.0,21.002978521211183
926.0,1.0,0.6657967628965215,0.6657967628965215,5.355320000047405,21.0,21.002976273143567
927.0,1.0,0.6658794035459111,0.6658794035459111,5.287320000047467,21.0,21.002974009388506
928.0,1.0,0.665962851205063,0.665962851205063,5.22,21.0,21.00297170767009
929.0,1.0,0.6660482200492442,0.6660482200492442,5.22,21.0,21.00296935516511
930.0,1.0,0.666136151746512,0.666136151746512,5.22,21.0,21.002966950686112
931.0,1.0,0.6662267061895574,0.6662267061895574,5.22,21.0,21.00296450693589
932.0,1.0,0.6663192486313297,0.6663192486313297,5.22,21.0,21.00296204314861
933.0,1.0,0.6664128175637978,0.6664128175637978,5.220219999984523,21.0,21.002959575457595
934.0,1.0,0.666506606359976,0.666506606359976,5.242219999984503,21.0,21.002957112058724
935.0,1.0,0.6666002051829666,0.6666002051829666,5.264219999984483,21.0,21.002954654665572
936.0,1.0,0.6666935282938703,0.6666935282938703,5.286219999984462,21.0,21.00295220422552
937.0,1.0,0.666786528254292,0.666786528254292,5.308219999984443,21.0,21.002949763443667
938.0,1.0,0.6668790697124646,0.6668790697124646,5.330119999991504,21.0,21.002947336135882
939.0,1.0,0.6669709617403109,0.6669709617403109,5.342119999991493,21.0,21.00294492566453
940.0,1.0,0.667062036051325,0.667062036051325,5.3541199999914815,21.0,21.00294253366139
941.0,1.0,0.6671522108716892,0.6671522108716892,5.36611999999147,21.0,21.00294015909652
942.0,1.0,0.6672415375241385,0.6672415375241385,5.378119999991459,21.0,21.002937799307553
943.0,1.0,0.6673301489794967,0.6673301489794967,5.38988000000855,21.0,21.002935451702257
944.0,1.0,0.667418174727271,0.667418174727271,5.377880000008562,21.0,21.002933114793244
945.0,1.0,0.667505689029987,0.667505689029987,5.365880000008573,21.0,21.002930787535412
946.0,1.0,0.6675927440462218,0.6675927440462218,5.3538800000085836,21.0,21.002928466566875
947.0,1.0,0.6676795078074211,0.6676795078074211,5.3418800000085955,21.0,21.00292614664038
948.0,1.0,0.6677662426657406,0.6677662426657406,5.33,21.0,21.002923822801726
949.0,1.0,0.6678531963704208,0.6678531963704208,5.33,21.0,21.002921491966664
950.0,1.0,0.667940523203891,0.667940523203891,5.33,21.0,21.002919153487255
951.0,1.0,0.6680282556394352,0.6680282556394352,5.33,21.0,21.00291680950484
952.0,1.0,0.6681162866651951,0.6681162866651951,5.33,21.0,21.002914463485578
953.0,1.0,0.6682044429934154,0.6682044429934154,5.33,21.0,21.002912118365984
954.0,1.0,0.668292577789437,0.668292577789437,5.330119999991329,21.0,21.002909775621063
955.0,1.0,0.6683806172792626,0.6683806172792626,5.342119999991318,21.0,21.002907435404847
956.0,1.0,0.6684685537360325,0.6684685537360325,5.3541199999913065,21.0,21.002905097600845
957.0,1.0,0.668556392960121,0.668556392960121,5.366119999991296,21.0,21.002902763587517
958.0,1.0,0.6686440659906208,0.6686440659906208,5.378119999991284,21.0,21.002900436036317
959.0,1.0,0.6687314391902909,0.6687314391902909,5.389880000008725,21.0,21.002898117638576
960.0,1.0,0.6688183779009278,0.6688183779009278,5.377880000008736,21.0,21.00289581012276
961.0,1.0,0.6689047955905769,0.6689047955905769,5.365880000008747,21.0,21.00289351332872
962.0,1.0,0.6689907001593043,0.6689907001593043,5.3538800000087585,21.0,21.002891223361466
963.0,1.0,0.669076286288303,0.669076286288303,5.34188000000877,21.0,21.00288893414164
964.0,1.0,0.6691618579381494,0.6691618579381494,5.329780000016098,21.0,21.002886640264816
965.0,1.0,0.66924768537677,0.66924768537677,5.307780000016117,21.0,21.00288433868904
966.0,1.0,0.669333920778689,0.669333920778689,5.285780000016137,21.0,21.002882028400773
967.0,1.0,0.6694206149080049,0.6694206149080049,5.263780000016157,21.0,21.002879708435454
968.0,1.0,0.6695078160895763,0.6695078160895763,5.241780000016177,21.0,21.002877377191524
969.0,1.0,0.6695956045141782,0.6695956045141782,5.220219999983802,21.0,21.002875032867816
970.0,1.0,0.6696840703708802,0.6696840703708802,5.242219999983782,21.0,21.002872674093258
971.0,1.0,0.6697732823578869,0.6697732823578869,5.264219999983762,21.0,21.00287030155284
972.0,1.0,0.669863206363276,0.669863206363276,5.286219999983743,21.0,21.00286792197988
973.0,1.0,0.6699535057913889,0.6699535057913889,5.308219999983723,21.0,21.00286554599469
974.0,1.0,0.6700436495909384,0.6700436495909384,5.330119999991111,21.0,21.002863183247776
975.0,1.0,0.6701331551042332,0.6701331551042332,5.3421199999911,21.0,21.002860839357464
976.0,1.0,0.6702217412262617,0.6702217412262617,5.354119999991089,21.0,21.0028585154983
977.0,1.0,0.6703093490294669,0.6703093490294669,5.366119999991078,21.0,21.002856209214972
978.0,1.0,0.6703961011037106,0.6703961011037106,5.378119999991067,21.0,21.00285391679229
979.0,1.0,0.6704821830698829,0.6704821830698829,5.390219999983603,21.0,21.002851635415624
980.0,1.0,0.670567735549039,0.670567735549039,5.4122199999835825,21.0,21.002849363988034
981.0,1.0,0.6706528132886596,0.6706528132886596,5.434219999983562,21.0,21.002847103054634
982.0,1.0,0.6707373889280938,0.6707373889280938,5.456219999983542,21.0,21.0028448548903
983.0,1.0,0.67082134859597,0.67082134859597,5.478219999983523,21.0,21.00284262240979
984.0,1.0,0.6709045463972727,0.6709045463972727,5.499660000025496,21.0,21.002840407889778
985.0,1.0,0.6709868683190099,0.6709868683190099,5.465660000025527,21.0,21.002838212391985
986.0,1.0,0.6710682610847128,0.6710682610847128,5.431660000025558,21.0,21.002836034244915
987.0,1.0,0.6711488080957991,0.6711488080957991,5.3976600000255885,21.0,21.002833864363467
988.0,1.0,0.6712289635245572,0.6712289635245572,5.36366000002562,21.0,21.002831689090485
989.0,1.0,0.6713094102827616,0.6713094102827616,5.33,21.0,21.002829496246754
990.0,1.0,0.6713907575068239,0.6713907575068239,5.33,21.0,21.002827278848983
991.0,1.0,0.6714733546068928,0.6714733546068928,5.33,21.0,21.00282503616431
992.0,1.0,0.6715572384788816,0.6715572384788816,5.33,21.0,21.002822774635703
993.0,1.0,0.6716420871628771,0.6716420871628771,5.33,21.0,21.00282050400218
994.0,1.0,0.6717274137990045,0.6717274137990045,5.33,21.0,21.002818232377887
995.0,1.0,0.6718128126898814,0.6718128126898814,5.33,21.0,21.00281596382482
996.0,1.0,0.6718980807050363,0.6718980807050363,5.33,21.0,21.002813698788014
997.0,1.0,0.6719831955574175,0.6719831955574175,5.33,21.0,21.002811435972554
998.0,1.0,0.672068221970709,0.672068221970709,5.33,21.0,21.002809174090675
999.0,1.0,0.6721532243237143,0.6721532243237143,5.3301199999908375,21.0,21.002806912682342
1000.0,1.0,0.6722382256135649,0.6722382256135649,5.342119999990826,21.0,21.00280465205658
1001.0,1.0,0.6723232103811506,0.6723232103811506,5.354119999990816,21.0,21.002802393189455
1002.0,1.0,0.6724081298054346,0.6724081298054346,5.366119999990804,21.0,21.002800138420703
1003.0,1.0,0.6724928668588352,0.6724928668588352,5.378119999990794,21.0,21.00279789077743
1004.0,1.0,0.6725772701147249,0.6725772701147249,5.389660000026114,21.0,21.002795652783707
1005.0,1.0,0.6726612132730272,0.6726612132730272,5.355660000026146,21.0,21.002793425796153
1006.0,1.0,0.6727446283927839,0.6727446283927839,5.321660000026176,21.0,21.002791208682503
1007.0,1.0,0.6728275719884591,0.6728275719884591,5.287660000026207,21.0,21.00278899402748
1008.0,1.0,0.6729104147993306,0.6729104147993306,5.253660000026239,21.0,21.002786770572403
1009.0,1.0,0.6729937198474537,0.6729937198474537,5.22,21.0,21.0027845282716
1010.0,1.0,0.6730779896048339,0.6730779896048339,5.219999999999999,21.0,21.00278226138633
1011.0,1.0,0.6731635112545454,0.6731635112545454,5.22,21.0,21.002779969532703
1012.0,1.0,0.6732503042405179,0.6732503042405179,5.22,21.0,21.002777658985487
1013.0,1.0,0.6733380550114964,0.6733380550114964,5.22,21.0,21.002775339216182
1014.0,1.0,0.673426290084567,0.673426290084567,5.22,21.0,21.002773018210373
1015.0,1.0,0.6735146101929073,0.6735146101929073,5.22,21.0,21.00277070007353
1016.0,1.0,0.6736028100343405,0.6736028100343405,5.22,21.0,21.002768385380286
1017.0,1.0,0.6736908608427471,0.6736908608427471,5.22,21.0,21.002766072953676
1018.0,1.0,0.6737788214436757,0.6737788214436757,5.219999999999999,21.0,21.00276376156272
1019.0,1.0,0.6738667533759357,0.6738667533759357,5.22,21.0,21.00276145074606
1020.0,1.0,0.6739546797013763,0.6739546797013763,5.22,0.0,21.002759140780537
1021.0,1.0,1.0E-7,1.0E-7,5.22,0.0,21.00275683224035
1022.0,1.0,1.0E-7,1.0E-7,5.22,0.0,20.995666743686648
1023.0,1.0,1.0E-7,1.0E-7,5.22,0.0,20.988580265225128
1024.0,1.0,1.0E-7,1.0E-7,5.219999999999999,0.0,20.981497512186554
1025.0,1.0,1.0E-7,1.0E-7,5.22,0.0,20.974418481895082
1026.0,1.0,1.0E-7,1.0E-7,5.22,0.0,20.96734317176568
1027.0,1.0,1.0E-7,1.0E-7,5.22,0.0,20.960271579269552
1028.0,1.0,1.0E-7,1.0E-7,5.22,0.0,20.95320370191248
1029.0,1.0,1.0E-7,1.0E-7,5.219816666681164,0.0,20.946139537222123
1030.0,1.0,1.0E-7,1.0E-7,5.201483333347848,0.0,20.93907908273498
1031.0,1.0,1.0E-7,1.0E-7,5.183150000014532,0.0,20.93202233542822
1032.0,1.0,1.0E-7,1.0E-7,5.164816666681215,0.0,20.92496929000189
1033.0,1.0,1.0E-7,1.0E-7,5.1464833333478985,0.0,20.917919939352423
1034.0,1.0,1.0E-7,1.0E-7,5.128150000014582,0.0,20.91087427528603
1035.0,1.0,1.0E-7,1.0E-7,5.11,0.0,20.903832288951463
1036.0,1.0,1.0E-7,1.0E-7,5.11,0.0,20.89679397110861
1037.0,1.0,1.0E-7,1.0E-7,5.110000000000001,0.0,20.889759312851712
1038.0,1.0,1.0E-7,1.0E-7,5.11,0.0,20.88272830742083
1039.0,1.0,1.0E-7,1.0E-7,5.11,0.0,20.875700949786072
1040.0,1.0,1.0E-7,1.0E-7,5.11,0.0,20.868677235968846
1041.0,1.0,1.0E-7,1.0E-7,5.110000000000001,0.0,20.861657162629395
1042.0,1.0,1.0E-7,1.0E-7,5.110000000000001,0.0,20.854640726817323
1043.0,1.0,1.0E-7,1.0E-7,5.11,0.0,20.847627925819012
1044.0,1.0,1.0E-7,1.0E-7,5.11,0.0,20.84061875706565
1045.0,1.0,1.0E-7,1.0E-7,5.110000000000001,0.0,20.83361321807681
1046.0,1.0,1.0E-7,1.0E-7,5.11,0.0,20.826611306426763
1047.0,1.0,1.0E-7,1.0E-7,5.11,0.0,20.819613019723608
1048.0,1.0,1.0E-7,1.0E-7,5.11,0.0,20.812618355596637
1049.0,1.0,1.0E-7,1.0E-7,5.109999999999999,0.0,20.805627311688973
1050.0,1.0,1.0E-7,1.0E-7,5.11,0.0,20.798639885652683
1051.0,1.0,1.0E-7,1.0E-7,5.11,0.0,20.791656075146044
1052.0,1.0,1.0E-7,1.0E-7,5.11,0.0,20.784675877832026
1053.0,1.0,1.0E-7,1.0E-7,5.11,0.0,20.777699291376805
1054.0,1.0,1.0E-7,1.0E-7,5.11,0.0,20.7707263134496
1055.0,1.0,1.0E-7,1.0E-7,5.11,0.0,20.76375694172194
1056.0,1.0,1.0E-7,1.0E-7,5.110000000000001,0.0,20.756791173867757
1057.0,1.0,1.0E-7,1.0E-7,5.110000000000001,0.0,20.74982900756284
1058.0,1.0,1.0E-7,1.0E-7,5.11,0.0,20.742870440485227
1059.0,1.0,1.0E-7,1.0E-7,5.11,0.0,20.735915470314673
1060.0,1.0,1.0E-7,1.0E-7,5.109900000008191,0.0,20.72896409473302
1061.0,1.0,1.0E-7,1.0E-7,5.0999000000081995,0.0,20.722016311420756
1062.0,1.0,1.0E-7,1.0E-7,5.089900000008209,0.0,20.7150721177505
1063.0,1.0,1.0E-7,1.0E-7,5.079900000008218,0.0,20.708131509850887
1064.0,1.0,1.0E-7,1.0E-7,5.069900000008227,0.0,20.701194482866132
1065.0,1.0,1.0E-7,1.0E-7,5.060099999991764,0.0,20.694261031345565
1066.0,1.0,1.0E-7,1.0E-7,5.070099999991756,0.0,20.687331149486297
1067.0,1.0,1.0E-7,1.0E-7,5.080099999991747,0.0,20.68040483189086
1068.0,1.0,1.0E-7,1.0E-7,5.090099999991737,0.0,20.673482075525754
1069.0,1.0,1.0E-7,1.0E-7,5.100099999991729,0.0,20.66656287925578
1070.0,1.0,1.0E-7,1.0E-7,5.109900000008282,0.0,20.659647243097183
1071.0,1.0,1.0E-7,1.0E-7,5.099900000008291,0.0,20.652735167757786
1072.0,1.0,1.0E-7,1.0E-7,5.089900000008299,0.0,20.645826653747505
1073.0,1.0,1.0E-7,1.0E-7,5.079900000008308,0.0,20.638921699339804
1074.0,1.0,1.0E-7,1.0E-7,5.069900000008317,0.0,20.632020300988252
1075.0,1.0,1.0E-7,1.0E-7,5.059760000019984,0.0,20.625122454045556
1076.0,1.0,1.0E-7,1.0E-7,5.035760000020006,0.0,20.618228153192756
1077.0,1.0,1.0E-7,1.0E-7,5.011760000020027,0.0,20.611337392275516
1078.0,1.0,1.0E-7,1.0E-7,4.9877600000200495,0.0,20.60445016315477
1079.0,1.0,1.0E-7,1.0E-7,4.963760000020072,0.0,20.597566456167257
1080.0,1.0,1.0E-7,1.0E-7,4.94,0.0,20.590686260730088
1081.0,1.0,1.0E-7,1.0E-7,4.94,0.0,20.583809565715505
1082.0,1.0,1.0E-7,1.0E-7,4.940000000000001,0.0,20.57693636041045
1083.0,1.0,1.0E-7,1.0E-7,4.94,0.0,20.570066636897753
1084.0,1.0,1.0E-7,1.0E-7,4.94,0.0,20.563200389516034
1085.0,1.0,1.0E-7,1.0E-7,4.940239999979799,0.0,20.556337613974325
1086.0,1.0,1.0E-7,1.0E-7,4.964239999979776,0.0,20.549478306822145
1087.0,1.0,1.0E-7,1.0E-7,4.988239999979754,0.0,20.54262246585961
1088.0,1.0,1.0E-7,1.0E-7,5.012239999979732,0.0,20.535770092184773
1089.0,1.0,1.0E-7,1.0E-7,5.036239999979711,0.0,20.528921189450887
1090.0,1.0,1.0E-7,1.0E-7,5.059760000020311,0.0,20.52207576285804
1091.0,1.0,1.0E-7,1.0E-7,5.035760000020333,0.0,20.51523381852663
1092.0,1.0,1.0E-7,1.0E-7,5.011760000020355,0.0,20.508395361651733
1093.0,1.0,1.0E-7,1.0E-7,4.987760000020376,0.0,20.501560391786686
1094.0,1.0,1.0E-7,1.0E-7,4.9637600000203985,0.0,20.494728903949973
1095.0,1.0,1.0E-7,1.0E-7,4.94,0.0,20.487900890412362
1096.0,1.0,1.0E-7,1.0E-7,4.94,0.0,20.481076341789095
1097.0,1.0,1.0E-7,1.0E-7,4.94,0.0,20.474255248436272
1098.0,1.0,1.0E-7,1.0E-7,4.94,0.0,20.467437603095696
1099.0,1.0,1.0E-7,1.0E-7,4.94,0.0,20.460623400516514
1100.0,1.0,1.0E-7,1.0E-7,4.939780000018819,0.0,20.453812636667166
1101.0,1.0,1.0E-7,1.0E-7,4.917780000018839,0.0,20.4470053082508
1102.0,1.0,1.0E-7,1.0E-7,4.895780000018859,0.0,20.440201411739682
1103.0,1.0,1.0E-7,1.0E-7,4.873780000018879,0.0,20.43340094113985
1104.0,1.0,1.0E-7,1.0E-7,4.851780000018898,0.0,20.42660388845483
1105.0,1.0,1.0E-7,1.0E-7,4.8302199999810815,0.0,20.419810244477734
1106.0,1.0,1.0E-7,1.0E-7,4.852219999981061,0.0,20.413019999285392
1107.0,1.0,1.0E-7,1.0E-7,4.874219999981042,0.0,20.40623314388128
1108.0,1.0,1.0E-7,1.0E-7,4.896219999981021,0.0,20.39944967448981
1109.0,1.0,1.0E-7,1.0E-7,4.918219999981002,0.0,20.39266959152295
1110.0,1.0,1.0E-7,1.0E-7,4.94,0.0,20.385892897931726
1111.0,1.0,1.0E-7,1.0E-7,4.94,0.0,20.379119598197928
1112.0,1.0,1.0E-7,1.0E-7,4.94,0.0,20.372349697050893
1113.0,1.0,1.0E-7,1.0E-7,4.94,0.0,20.3655831970393
1114.0,1.0,1.0E-7,1.0E-7,4.94,0.0,20.358820098877885
1115.0,1.0,1.0E-7,1.0E-7,4.939460000046928,0.0,20.352060402167872
1116.0,1.0,1.0E-7,1.0E-7,4.885460000046978,0.0,20.345304105818812
1117.0,1.0,1.0E-7,1.0E-7,4.831460000047027,0.0,20.338551206656554
1118.0,1.0,1.0E-7,1.0E-7,4.777460000047075,0.0,20.331801694532093
1119.0,1.0,1.0E-7,1.0E-7,4.723460000047124,0.0,20.325055553820658
1120.0,1.0,1.0E-7,1.0E-7,4.670219999980781,0.0,20.318312765584203
1121.0,1.0,1.0E-7,1.0E-7,4.692219999980762,0.0,20.311573308908738
1122.0,1.0,1.0E-7,1.0E-7,4.714219999980742,0.0,20.304837164035355
1123.0,1.0,1.0E-7,1.0E-7,4.736219999980721,0.0,20.298104319955346
1124.0,1.0,1.0E-7,1.0E-7,4.758219999980701,0.0,20.291374772734155
1125.0,1.0,1.0E-7,1.0E-7,4.78,0.0,20.28464852272898
1126.0,1.0,1.0E-7,1.0E-7,4.78,0.0,20.2779255728925
1127.0,1.0,1.0E-7,1.0E-7,4.780000000000001,0.0,20.271205927071236
1128.0,1.0,1.0E-7,1.0E-7,4.78,0.0,20.26448958732392
1129.0,1.0,1.0E-7,1.0E-7,4.78,0.0,20.257776554113303
1130.0,1.0,1.0E-7,1.0E-7,4.78,0.0,20.25106682693365
1131.0,1.0,1.0E-7,1.0E-7,4.78,0.0,20.244360404691488
1132.0,1.0,1.0E-7,1.0E-7,4.78,0.0,20.237657285937203
1133.0,1.0,1.0E-7,1.0E-7,4.78,0.0,20.23095746900512
1134.0,1.0,1.0E-7,1.0E-7,4.78,0.0,20.22426095209933
1135.0,1.0,1.0E-7,1.0E-7,4.78,0.0,20.21756773334509
1136.0,1.0,1.0E-7,1.0E-7,4.779780000019539,0.0,20.210877810820538
1137.0,1.0,1.0E-7,1.0E-7,4.757780000019559,0.0,20.20419118256937
1138.0,1.0,1.0E-7,1.0E-7,4.735780000019579,0.0,20.197507845936496
1139.0,1.0,1.0E-7,1.0E-7,4.713780000019599,0.0,20.19082779551724
1140.0,1.0,1.0E-7,1.0E-7,4.6917800000196195,0.0,20.18415102373161
1141.0,1.0,1.0E-7,1.0E-7,4.67,0.0,20.177477521684445
1142.0,1.0,1.0E-7,1.0E-7,4.67,0.0,20.170807279694046
1143.0,1.0,1.0E-7,1.0E-7,4.67,0.0,20.16414028828464
1144.0,1.0,1.0E-7,1.0E-7,4.67,0.0,20.157476540437198
1145.0,1.0,1.0E-7,1.0E-7,4.67,0.0,20.15081603113599
1146.0,1.0,1.0E-7,1.0E-7,4.67,0.0,20.144158756582645
1147.0,1.0,1.0E-7,1.0E-7,4.67,0.0,20.137504713718716
1148.0,1.0,1.0E-7,1.0E-7,4.67,0.0,20.13085389993553
1149.0,1.0,1.0E-7,1.0E-7,4.67,0.0,20.124206312898167
1150.0,1.0,1.0E-7,1.0E-7,4.67,0.0,20.1175619504386
1151.0,1.0,1.0E-7,1.0E-7,4.670219999980161,0.0,20.110920810490697
1152.0,1.0,1.0E-7,1.0E-7,4.692219999980141,0.0,20.104282891057355
1153.0,1.0,1.0E-7,1.0E-7,4.714219999980121,0.0,20.097648190862007
1154.0,1.0,1.0E-7,1.0E-7,4.736219999980101,0.0,20.091016711392452
1155.0,1.0,1.0E-7,1.0E-7,4.758219999980081,0.0,20.084388456321456
1156.0,1.0,1.0E-7,1.0E-7,4.779780000019939,0.0,20.07776343064442
1157.0,1.0,1.0E-7,1.0E-7,4.7577800000199595,0.0,20.07114164014212
1158.0,1.0,1.0E-7,1.0E-7,4.735780000019979,0.0,20.06452308971194
1159.0,1.0,1.0E-7,1.0E-7,4.713780000019999,0.0,20.057907779057967
1160.0,1.0,1.0E-7,1.0E-7,4.691780000020019,0.0,20.051295703714327
1161.0,1.0,1.0E-7,1.0E-7,4.67,0.0,20.044686856688493
1162.0,1.0,1.0E-7,1.0E-7,4.67,0.0,20.03808122946546
1163.0,1.0,1.0E-7,1.0E-7,4.67,0.0,20.031478813289308
1164.0,1.0,1.0E-7,1.0E-7,4.67,0.0,20.024879601589614
1165.0,1.0,1.0E-7,1.0E-7,4.67,0.0,20.018283589635068
1166.0,1.0,1.0E-7,1.0E-7,4.669880000010985,0.0,20.01169077380943
1167.0,1.0,1.0E-7,1.0E-7,4.657880000010996,0.0,20.005101151173957
1168.0,1.0,1.0E-7,1.0E-7,4.645880000011007,0.0,19.998514718830112
1169.0,1.0,1.0E-7,1.0E-7,4.633880000011018,0.0,19.9919314726361
1170.0,1.0,1.0E-7,1.0E-7,4.621880000011029,0.0,19.985351407419465
1171.0,1.0,1.0E-7,1.0E-7,4.610119999988961,0.0,19.97877451738536
1172.0,1.0,1.0E-7,1.0E-7,4.62211999998895,0.0,19.972200796371375
1173.0,1.0,1.0E-7,1.0E-7,4.634119999988939,0.0,19.96563023873491
1174.0,1.0,1.0E-7,1.0E-7,4.646119999988928,0.0,19.95906284168983
1175.0,1.0,1.0E-7,1.0E-7,4.658119999988917,0.0,19.952498604739883
1176.0,1.0,1.0E-7,1.0E-7,4.669880000011093,0.0,19.945937528777055
1177.0,1.0,1.0E-7,1.0E-7,4.657880000011105,0.0,19.93937961552735
1178.0,1.0,1.0E-7,1.0E-7,4.6458800000111165,0.0,19.932824866481134
1179.0,1.0,1.0E-7,1.0E-7,4.6338800000111275,0.0,19.9262732804458
1180.0,1.0,1.0E-7,1.0E-7,4.621880000011138,0.0,19.919724854045885
1181.0,1.0,1.0E-7,1.0E-7,4.61,0.0,19.91317958258301
1182.0,1.0,1.0E-7,1.0E-7,4.61,0.0,19.906637460562425
1183.0,1.0,1.0E-7,1.0E-7,4.61,0.0,19.90009848237909
1184.0,1.0,1.0E-7,1.0E-7,4.61,0.0,19.89356264363276
1185.0,1.0,1.0E-7,1.0E-7,4.61,0.0,19.887029940933992
1186.0,1.0,1.0E-7,1.0E-7,4.61,0.0,19.880500371508006
1187.0,1.0,1.0E-7,1.0E-7,4.61,0.0,19.873973932953625
1188.0,1.0,1.0E-7,1.0E-7,4.61,0.0,19.867450623097227
1189.0,1.0,1.0E-7,1.0E-7,4.61,0.0,19.860930439903534
1190.0,1.0,1.0E-7,1.0E-7,4.61,0.0,19.854413381422862
1191.0,1.0,1.0E-7,1.0E-7,4.61,0.0,19.847899445756667
1192.0,1.0,1.0E-7,1.0E-7,4.61,0.0,19.841388631038935
1193.0,1.0,1.0E-7,1.0E-7,4.61,0.0,19.834880935423563
1194.0,1.0,1.0E-7,1.0E-7,4.61,0.0,19.828376357077037
1195.0,1.0,1.0E-7,1.0E-7,4.61,0.0,19.8218748941742
1196.0,1.0,1.0E-7,1.0E-7,4.6101199999886875,0.0,19.8153765448954
1197.0,1.0,1.0E-7,1.0E-7,4.622119999988677,0.0,19.8088813074284
1198.0,1.0,1.0E-7,1.0E-7,4.634119999988666,0.0,19.80238918033592
1199.0,1.0,1.0E-7,1.0E-7,4.646119999988655,0.0,19.795900163677704
1200.0,1.0,1.0E-7,1.0E-7,4.658119999988644,0.0,19.789414258698972
1201.0,1.0,1.0E-7,1.0E-7,4.67,0.0,19.782931467362708
1202.0,1.0,1.0E-7,1.0E-7,4.67,0.0,19.77645179206193
1203.0,1.0,1.0E-7,1.0E-7,4.67,0.0,19.769975235078903
1204.0,1.0,1.0E-7,1.0E-7,4.67,0.0,19.763501797357485
1205.0,1.0,1.0E-7,1.0E-7,4.67,0.0,19.757031478750694
1206.0,1.0,1.0E-7,1.0E-7,4.669900000009518,0.0,19.750564278449417
1207.0,1.0,1.0E-7,1.0E-7,4.659900000009527,0.0,19.74410019524027
1208.0,1.0,1.0E-7,1.0E-7,4.649900000009536,0.0,19.737639227356322
1209.0,1.0,1.0E-7,1.0E-7,4.639900000009545,0.0,19.73118137163803
1210.0,1.0,1.0E-7,1.0E-7,4.629900000009554,0.0,19.72472662385031
1211.0,1.0,1.0E-7,1.0E-7,4.619900000009563,0.0,19.71827497910807
1212.0,1.0,1.0E-7,1.0E-7,4.610119999988513,0.0,19.711826432134107
1213.0,1.0,1.0E-7,1.0E-7,4.622119999988502,0.0,19.705380977422557
1214.0,1.0,1.0E-7,1.0E-7,4.634119999988491,0.0,19.69893861000945
1215.0,1.0,1.0E-7,1.0E-7,4.64611999998848,0.0,19.69249932758902
1216.0,1.0,1.0E-7,1.0E-7,4.658119999988469,0.0,19.686063129978308
1217.0,1.0,1.0E-7,1.0E-7,4.67021999997884,0.0,19.67963001828121
1218.0,1.0,1.0E-7,1.0E-7,4.69221999997882,0.0,19.67319999438421
1219.0,1.0,1.0E-7,1.0E-7,4.7142199999788,0.0,19.66677306095483
1220.0,1.0,1.0E-7,1.0E-7,4.736219999978781,0.0,19.66034922219009
1221.0,1.0,1.0E-7,1.0E-7,4.758219999978761,0.0,19.65392848344369
1222.0,1.0,1.0E-7,1.0E-7,4.780099999990337,0.0,19.64751085076697
1223.0,1.0,1.0E-7,1.0E-7,4.7900999999903275,0.0,19.641096330627267
1224.0,1.0,1.0E-7,1.0E-7,4.8000999999903184,0.0,19.6346849293699
1225.0,1.0,1.0E-7,1.0E-7,4.810099999990309,0.0,19.628276651992728
1226.0,1.0,1.0E-7,1.0E-7,4.8200999999903,0.0,19.621871502395386
1227.0,1.0,1.0E-7,1.0E-7,4.830459999955339,0.0,19.61546948380829
1228.0,1.0,1.0E-7,1.0E-7,4.876459999955296,0.0,19.60907059906481
1229.0,1.0,1.0E-7,1.0E-7,4.9224599999552545,0.0,19.60267485186489
1230.0,1.0,1.0E-7,1.0E-7,4.968459999955213,0.0,19.596282250239508
1231.0,1.0,1.0E-7,1.0E-7,5.014459999955171,0.0,19.589892805675575
1232.0,1.0,1.0E-7,1.0E-7,5.060099999990245,0.0,19.583506531748927
1233.0,1.0,1.0E-7,1.0E-7,5.070099999990236,0.0,19.577123443283604
1234.0,1.0,1.0E-7,1.0E-7,5.080099999990227,0.0,19.570743554741284
1235.0,1.0,1.0E-7,1.0E-7,5.090099999990219,0.0,19.56436687654844
1236.0,1.0,1.0E-7,1.0E-7,5.100099999990209,0.0,19.55799341584274
1237.0,1.0,1.0E-7,1.0E-7,5.109900000009801,0.0,19.551623177762938
1238.0,1.0,1.0E-7,1.0E-7,5.099900000009809,0.0,19.545256166226284
